,begin_dateTime_mpt,block_price,System Capability,asset_ID
7482,2023-03-01 00:00:00,910.0,330.0,CAL1
7483,2023-03-01 00:00:00,905.0,330.0,CAL1
7484,2023-03-01 00:00:00,315.55,330.0,CAL1
7485,2023-03-01 00:00:00,24.19,330.0,CAL1
7486,2023-03-01 00:00:00,23.19,330.0,CAL1
7487,2023-03-01 00:00:00,0.0,330.0,CAL1
7488,2023-03-01 01:00:00,910.0,330.0,CAL1
7489,2023-03-01 01:00:00,905.0,330.0,CAL1
7490,2023-03-01 01:00:00,315.55,330.0,CAL1
7491,2023-03-01 01:00:00,24.19,330.0,CAL1
7492,2023-03-01 01:00:00,23.19,330.0,CAL1
7493,2023-03-01 01:00:00,0.0,330.0,CAL1
7494,2023-03-01 02:00:00,910.0,330.0,CAL1
7495,2023-03-01 02:00:00,905.0,330.0,CAL1
7496,2023-03-01 02:00:00,315.55,330.0,CAL1
7497,2023-03-01 02:00:00,24.19,330.0,CAL1
7498,2023-03-01 02:00:00,23.19,330.0,CAL1
7499,2023-03-01 02:00:00,0.0,330.0,CAL1
7500,2023-03-01 03:00:00,910.0,330.0,CAL1
7501,2023-03-01 03:00:00,905.0,330.0,CAL1
7502,2023-03-01 03:00:00,315.55,330.0,CAL1
7503,2023-03-01 03:00:00,24.19,330.0,CAL1
7504,2023-03-01 03:00:00,23.19,330.0,CAL1
7505,2023-03-01 03:00:00,0.0,330.0,CAL1
7506,2023-03-01 04:00:00,910.0,330.0,CAL1
7507,2023-03-01 04:00:00,905.0,330.0,CAL1
7508,2023-03-01 04:00:00,315.55,330.0,CAL1
7509,2023-03-01 04:00:00,24.19,330.0,CAL1
7510,2023-03-01 04:00:00,23.19,330.0,CAL1
7511,2023-03-01 04:00:00,0.0,330.0,CAL1
7512,2023-03-01 05:00:00,910.0,330.0,CAL1
7513,2023-03-01 05:00:00,905.0,330.0,CAL1
7514,2023-03-01 05:00:00,315.55,330.0,CAL1
7515,2023-03-01 05:00:00,24.19,330.0,CAL1
7516,2023-03-01 05:00:00,23.19,330.0,CAL1
7517,2023-03-01 05:00:00,0.0,330.0,CAL1
7518,2023-03-01 06:00:00,910.0,330.0,CAL1
7519,2023-03-01 06:00:00,905.0,330.0,CAL1
7520,2023-03-01 06:00:00,25.19,330.0,CAL1
7521,2023-03-01 06:00:00,24.19,330.0,CAL1
7522,2023-03-01 06:00:00,23.19,330.0,CAL1
7523,2023-03-01 06:00:00,0.0,330.0,CAL1
7524,2023-03-01 07:00:00,47.53,330.0,CAL1
7525,2023-03-01 07:00:00,38.54,330.0,CAL1
7526,2023-03-01 07:00:00,25.19,330.0,CAL1
7527,2023-03-01 07:00:00,24.19,330.0,CAL1
7528,2023-03-01 07:00:00,23.19,330.0,CAL1
7529,2023-03-01 07:00:00,0.0,330.0,CAL1
7620,2023-03-01 23:00:00,47.53,330.0,CAL1
7621,2023-03-01 23:00:00,38.54,330.0,CAL1
7622,2023-03-01 23:00:00,25.19,330.0,CAL1
7623,2023-03-01 23:00:00,24.19,330.0,CAL1
7624,2023-03-01 23:00:00,23.19,330.0,CAL1
7625,2023-03-01 23:00:00,0.0,330.0,CAL1
7626,2023-03-02 00:00:00,910.0,330.0,CAL1
7627,2023-03-02 00:00:00,905.0,330.0,CAL1
7628,2023-03-02 00:00:00,25.59,330.0,CAL1
7629,2023-03-02 00:00:00,24.59,330.0,CAL1
7630,2023-03-02 00:00:00,23.59,330.0,CAL1
7631,2023-03-02 00:00:00,0.0,330.0,CAL1
7632,2023-03-02 01:00:00,910.0,330.0,CAL1
7633,2023-03-02 01:00:00,905.0,330.0,CAL1
7634,2023-03-02 01:00:00,25.59,330.0,CAL1
7635,2023-03-02 01:00:00,24.59,330.0,CAL1
7636,2023-03-02 01:00:00,23.59,330.0,CAL1
7637,2023-03-02 01:00:00,0.0,330.0,CAL1
7638,2023-03-02 02:00:00,910.0,330.0,CAL1
7639,2023-03-02 02:00:00,905.0,330.0,CAL1
7640,2023-03-02 02:00:00,25.59,330.0,CAL1
7641,2023-03-02 02:00:00,24.59,330.0,CAL1
7642,2023-03-02 02:00:00,23.59,330.0,CAL1
7643,2023-03-02 02:00:00,0.0,330.0,CAL1
7644,2023-03-02 03:00:00,910.0,330.0,CAL1
7645,2023-03-02 03:00:00,905.0,330.0,CAL1
7646,2023-03-02 03:00:00,25.59,330.0,CAL1
7647,2023-03-02 03:00:00,24.59,330.0,CAL1
7648,2023-03-02 03:00:00,23.59,330.0,CAL1
7649,2023-03-02 03:00:00,0.0,330.0,CAL1
7650,2023-03-02 04:00:00,910.0,330.0,CAL1
7651,2023-03-02 04:00:00,905.0,330.0,CAL1
7652,2023-03-02 04:00:00,25.59,330.0,CAL1
7653,2023-03-02 04:00:00,24.59,330.0,CAL1
7654,2023-03-02 04:00:00,23.59,330.0,CAL1
7655,2023-03-02 04:00:00,0.0,330.0,CAL1
7656,2023-03-02 05:00:00,48.22,330.0,CAL1
7657,2023-03-02 05:00:00,39.05,330.0,CAL1
7658,2023-03-02 05:00:00,25.59,330.0,CAL1
7659,2023-03-02 05:00:00,24.59,330.0,CAL1
7660,2023-03-02 05:00:00,23.59,330.0,CAL1
7661,2023-03-02 05:00:00,0.0,330.0,CAL1
7662,2023-03-02 06:00:00,48.22,330.0,CAL1
7663,2023-03-02 06:00:00,39.05,330.0,CAL1
7664,2023-03-02 06:00:00,25.59,330.0,CAL1
7665,2023-03-02 06:00:00,24.59,330.0,CAL1
7666,2023-03-02 06:00:00,23.59,330.0,CAL1
7667,2023-03-02 06:00:00,0.0,330.0,CAL1
7668,2023-03-02 07:00:00,48.22,330.0,CAL1
7669,2023-03-02 07:00:00,39.05,330.0,CAL1
7670,2023-03-02 07:00:00,25.59,330.0,CAL1
7671,2023-03-02 07:00:00,24.59,330.0,CAL1
7672,2023-03-02 07:00:00,23.59,330.0,CAL1
7673,2023-03-02 07:00:00,0.0,330.0,CAL1
7764,2023-03-02 23:00:00,40.0,330.0,CAL1
7765,2023-03-02 23:00:00,39.05,330.0,CAL1
7766,2023-03-02 23:00:00,25.59,330.0,CAL1
7767,2023-03-02 23:00:00,24.59,330.0,CAL1
7768,2023-03-02 23:00:00,23.59,330.0,CAL1
7769,2023-03-02 23:00:00,0.0,330.0,CAL1
7770,2023-03-03 00:00:00,910.0,330.0,CAL1
7771,2023-03-03 00:00:00,905.0,330.0,CAL1
7772,2023-03-03 00:00:00,26.47,330.0,CAL1
7773,2023-03-03 00:00:00,25.47,330.0,CAL1
7774,2023-03-03 00:00:00,24.47,330.0,CAL1
7775,2023-03-03 00:00:00,0.0,330.0,CAL1
7776,2023-03-03 01:00:00,910.0,330.0,CAL1
7777,2023-03-03 01:00:00,905.0,330.0,CAL1
7778,2023-03-03 01:00:00,26.47,330.0,CAL1
7779,2023-03-03 01:00:00,25.47,330.0,CAL1
7780,2023-03-03 01:00:00,24.47,330.0,CAL1
7781,2023-03-03 01:00:00,0.0,330.0,CAL1
7782,2023-03-03 02:00:00,910.0,330.0,CAL1
7783,2023-03-03 02:00:00,905.0,330.0,CAL1
7784,2023-03-03 02:00:00,26.47,330.0,CAL1
7785,2023-03-03 02:00:00,25.47,330.0,CAL1
7786,2023-03-03 02:00:00,24.47,330.0,CAL1
7787,2023-03-03 02:00:00,0.0,330.0,CAL1
7788,2023-03-03 03:00:00,910.0,330.0,CAL1
7789,2023-03-03 03:00:00,905.0,330.0,CAL1
7790,2023-03-03 03:00:00,26.47,330.0,CAL1
7791,2023-03-03 03:00:00,25.47,330.0,CAL1
7792,2023-03-03 03:00:00,24.47,330.0,CAL1
7793,2023-03-03 03:00:00,0.0,330.0,CAL1
7794,2023-03-03 04:00:00,910.0,330.0,CAL1
7795,2023-03-03 04:00:00,905.0,330.0,CAL1
7796,2023-03-03 04:00:00,26.47,330.0,CAL1
7797,2023-03-03 04:00:00,25.47,330.0,CAL1
7798,2023-03-03 04:00:00,24.47,330.0,CAL1
7799,2023-03-03 04:00:00,0.0,330.0,CAL1
7800,2023-03-03 05:00:00,49.71,330.0,CAL1
7801,2023-03-03 05:00:00,40.14,330.0,CAL1
7802,2023-03-03 05:00:00,26.47,330.0,CAL1
7803,2023-03-03 05:00:00,25.47,330.0,CAL1
7804,2023-03-03 05:00:00,24.47,330.0,CAL1
7805,2023-03-03 05:00:00,0.0,330.0,CAL1
7806,2023-03-03 06:00:00,49.71,330.0,CAL1
7807,2023-03-03 06:00:00,40.14,330.0,CAL1
7808,2023-03-03 06:00:00,26.47,330.0,CAL1
7809,2023-03-03 06:00:00,25.47,330.0,CAL1
7810,2023-03-03 06:00:00,24.47,330.0,CAL1
7811,2023-03-03 06:00:00,0.0,330.0,CAL1
7812,2023-03-03 07:00:00,49.71,330.0,CAL1
7813,2023-03-03 07:00:00,40.14,330.0,CAL1
7814,2023-03-03 07:00:00,26.47,330.0,CAL1
7815,2023-03-03 07:00:00,25.47,330.0,CAL1
7816,2023-03-03 07:00:00,24.47,330.0,CAL1
7817,2023-03-03 07:00:00,0.0,330.0,CAL1
7908,2023-03-03 23:00:00,49.71,330.0,CAL1
7909,2023-03-03 23:00:00,40.14,330.0,CAL1
7910,2023-03-03 23:00:00,26.47,330.0,CAL1
7911,2023-03-03 23:00:00,25.47,330.0,CAL1
7912,2023-03-03 23:00:00,24.47,330.0,CAL1
7913,2023-03-03 23:00:00,0.0,330.0,CAL1
7914,2023-03-04 00:00:00,910.0,330.0,CAL1
7915,2023-03-04 00:00:00,905.0,330.0,CAL1
7916,2023-03-04 00:00:00,27.02,330.0,CAL1
7917,2023-03-04 00:00:00,26.02,330.0,CAL1
7918,2023-03-04 00:00:00,25.02,330.0,CAL1
7919,2023-03-04 00:00:00,0.0,330.0,CAL1
7920,2023-03-04 01:00:00,910.0,330.0,CAL1
7921,2023-03-04 01:00:00,905.0,330.0,CAL1
7922,2023-03-04 01:00:00,27.02,330.0,CAL1
7923,2023-03-04 01:00:00,26.02,330.0,CAL1
7924,2023-03-04 01:00:00,25.02,330.0,CAL1
7925,2023-03-04 01:00:00,0.0,330.0,CAL1
7926,2023-03-04 02:00:00,910.0,330.0,CAL1
7927,2023-03-04 02:00:00,905.0,330.0,CAL1
7928,2023-03-04 02:00:00,27.02,330.0,CAL1
7929,2023-03-04 02:00:00,26.02,330.0,CAL1
7930,2023-03-04 02:00:00,25.02,330.0,CAL1
7931,2023-03-04 02:00:00,0.0,330.0,CAL1
7932,2023-03-04 03:00:00,910.0,330.0,CAL1
7933,2023-03-04 03:00:00,905.0,330.0,CAL1
7934,2023-03-04 03:00:00,27.02,330.0,CAL1
7935,2023-03-04 03:00:00,26.02,330.0,CAL1
7936,2023-03-04 03:00:00,25.02,330.0,CAL1
7937,2023-03-04 03:00:00,0.0,330.0,CAL1
7938,2023-03-04 04:00:00,910.0,330.0,CAL1
7939,2023-03-04 04:00:00,905.0,330.0,CAL1
7940,2023-03-04 04:00:00,27.02,330.0,CAL1
7941,2023-03-04 04:00:00,26.02,330.0,CAL1
7942,2023-03-04 04:00:00,25.02,330.0,CAL1
7943,2023-03-04 04:00:00,0.0,330.0,CAL1
7944,2023-03-04 05:00:00,50.63,330.0,CAL1
7945,2023-03-04 05:00:00,40.81,330.0,CAL1
7946,2023-03-04 05:00:00,27.02,330.0,CAL1
7947,2023-03-04 05:00:00,26.02,330.0,CAL1
7948,2023-03-04 05:00:00,25.02,330.0,CAL1
7949,2023-03-04 05:00:00,0.0,330.0,CAL1
7950,2023-03-04 06:00:00,50.63,330.0,CAL1
7951,2023-03-04 06:00:00,40.81,330.0,CAL1
7952,2023-03-04 06:00:00,27.02,330.0,CAL1
7953,2023-03-04 06:00:00,26.02,330.0,CAL1
7954,2023-03-04 06:00:00,25.02,330.0,CAL1
7955,2023-03-04 06:00:00,0.0,330.0,CAL1
7956,2023-03-04 07:00:00,50.63,330.0,CAL1
7957,2023-03-04 07:00:00,40.81,330.0,CAL1
7958,2023-03-04 07:00:00,27.02,330.0,CAL1
7959,2023-03-04 07:00:00,26.02,330.0,CAL1
7960,2023-03-04 07:00:00,25.02,330.0,CAL1
7961,2023-03-04 07:00:00,0.0,330.0,CAL1
8052,2023-03-04 23:00:00,50.63,330.0,CAL1
8053,2023-03-04 23:00:00,40.81,330.0,CAL1
8054,2023-03-04 23:00:00,27.02,330.0,CAL1
8055,2023-03-04 23:00:00,26.02,330.0,CAL1
8056,2023-03-04 23:00:00,25.02,330.0,CAL1
8057,2023-03-04 23:00:00,0.0,330.0,CAL1
8058,2023-03-05 00:00:00,49.64,330.0,CAL1
8059,2023-03-05 00:00:00,42.39,330.0,CAL1
8060,2023-03-05 00:00:00,27.65,330.0,CAL1
8061,2023-03-05 00:00:00,26.65,330.0,CAL1
8062,2023-03-05 00:00:00,25.65,330.0,CAL1
8063,2023-03-05 00:00:00,0.0,330.0,CAL1
8064,2023-03-05 01:00:00,910.0,330.0,CAL1
8065,2023-03-05 01:00:00,905.0,330.0,CAL1
8066,2023-03-05 01:00:00,27.65,330.0,CAL1
8067,2023-03-05 01:00:00,26.65,330.0,CAL1
8068,2023-03-05 01:00:00,25.65,330.0,CAL1
8069,2023-03-05 01:00:00,0.0,330.0,CAL1
8070,2023-03-05 02:00:00,910.0,330.0,CAL1
8071,2023-03-05 02:00:00,905.0,330.0,CAL1
8072,2023-03-05 02:00:00,27.65,330.0,CAL1
8073,2023-03-05 02:00:00,26.65,330.0,CAL1
8074,2023-03-05 02:00:00,25.65,330.0,CAL1
8075,2023-03-05 02:00:00,0.0,330.0,CAL1
8076,2023-03-05 03:00:00,910.0,330.0,CAL1
8077,2023-03-05 03:00:00,905.0,330.0,CAL1
8078,2023-03-05 03:00:00,27.65,330.0,CAL1
8079,2023-03-05 03:00:00,26.65,330.0,CAL1
8080,2023-03-05 03:00:00,25.65,330.0,CAL1
8081,2023-03-05 03:00:00,0.0,330.0,CAL1
8082,2023-03-05 04:00:00,910.0,330.0,CAL1
8083,2023-03-05 04:00:00,905.0,330.0,CAL1
8084,2023-03-05 04:00:00,27.65,330.0,CAL1
8085,2023-03-05 04:00:00,26.65,330.0,CAL1
8086,2023-03-05 04:00:00,25.65,330.0,CAL1
8087,2023-03-05 04:00:00,0.0,330.0,CAL1
8088,2023-03-05 05:00:00,49.64,330.0,CAL1
8089,2023-03-05 05:00:00,42.39,330.0,CAL1
8090,2023-03-05 05:00:00,27.65,330.0,CAL1
8091,2023-03-05 05:00:00,26.65,330.0,CAL1
8092,2023-03-05 05:00:00,25.65,330.0,CAL1
8093,2023-03-05 05:00:00,0.0,330.0,CAL1
8094,2023-03-05 06:00:00,49.64,330.0,CAL1
8095,2023-03-05 06:00:00,42.39,330.0,CAL1
8096,2023-03-05 06:00:00,27.65,330.0,CAL1
8097,2023-03-05 06:00:00,26.65,330.0,CAL1
8098,2023-03-05 06:00:00,25.65,330.0,CAL1
8099,2023-03-05 06:00:00,0.0,330.0,CAL1
8100,2023-03-05 07:00:00,49.64,330.0,CAL1
8101,2023-03-05 07:00:00,42.39,330.0,CAL1
8102,2023-03-05 07:00:00,27.65,330.0,CAL1
8103,2023-03-05 07:00:00,26.65,330.0,CAL1
8104,2023-03-05 07:00:00,25.65,330.0,CAL1
8105,2023-03-05 07:00:00,0.0,330.0,CAL1
8196,2023-03-05 23:00:00,49.64,330.0,CAL1
8197,2023-03-05 23:00:00,42.39,330.0,CAL1
8198,2023-03-05 23:00:00,27.65,330.0,CAL1
8199,2023-03-05 23:00:00,26.65,330.0,CAL1
8200,2023-03-05 23:00:00,25.65,330.0,CAL1
8201,2023-03-05 23:00:00,0.0,330.0,CAL1
8202,2023-03-06 00:00:00,53.4,330.0,CAL1
8203,2023-03-06 00:00:00,45.4,330.0,CAL1
8204,2023-03-06 00:00:00,30.0,330.0,CAL1
8205,2023-03-06 00:00:00,29.0,330.0,CAL1
8206,2023-03-06 00:00:00,28.0,330.0,CAL1
8207,2023-03-06 00:00:00,0.0,330.0,CAL1
8208,2023-03-06 01:00:00,910.0,330.0,CAL1
8209,2023-03-06 01:00:00,905.0,330.0,CAL1
8210,2023-03-06 01:00:00,30.0,330.0,CAL1
8211,2023-03-06 01:00:00,29.0,330.0,CAL1
8212,2023-03-06 01:00:00,28.0,330.0,CAL1
8213,2023-03-06 01:00:00,0.0,330.0,CAL1
8214,2023-03-06 02:00:00,910.0,330.0,CAL1
8215,2023-03-06 02:00:00,905.0,330.0,CAL1
8216,2023-03-06 02:00:00,30.0,330.0,CAL1
8217,2023-03-06 02:00:00,29.0,330.0,CAL1
8218,2023-03-06 02:00:00,28.0,330.0,CAL1
8219,2023-03-06 02:00:00,0.0,330.0,CAL1
8220,2023-03-06 03:00:00,910.0,330.0,CAL1
8221,2023-03-06 03:00:00,905.0,330.0,CAL1
8222,2023-03-06 03:00:00,30.0,330.0,CAL1
8223,2023-03-06 03:00:00,29.0,330.0,CAL1
8224,2023-03-06 03:00:00,28.0,330.0,CAL1
8225,2023-03-06 03:00:00,0.0,330.0,CAL1
8226,2023-03-06 04:00:00,910.0,330.0,CAL1
8227,2023-03-06 04:00:00,905.0,330.0,CAL1
8228,2023-03-06 04:00:00,30.0,330.0,CAL1
8229,2023-03-06 04:00:00,29.0,330.0,CAL1
8230,2023-03-06 04:00:00,28.0,330.0,CAL1
8231,2023-03-06 04:00:00,0.0,330.0,CAL1
8232,2023-03-06 05:00:00,53.4,330.0,CAL1
8233,2023-03-06 05:00:00,45.4,330.0,CAL1
8234,2023-03-06 05:00:00,30.0,330.0,CAL1
8235,2023-03-06 05:00:00,29.0,330.0,CAL1
8236,2023-03-06 05:00:00,28.0,330.0,CAL1
8237,2023-03-06 05:00:00,0.0,330.0,CAL1
8238,2023-03-06 06:00:00,53.4,330.0,CAL1
8239,2023-03-06 06:00:00,45.4,330.0,CAL1
8240,2023-03-06 06:00:00,30.0,330.0,CAL1
8241,2023-03-06 06:00:00,29.0,330.0,CAL1
8242,2023-03-06 06:00:00,28.0,330.0,CAL1
8243,2023-03-06 06:00:00,0.0,330.0,CAL1
8244,2023-03-06 07:00:00,53.4,330.0,CAL1
8245,2023-03-06 07:00:00,45.4,330.0,CAL1
8246,2023-03-06 07:00:00,30.0,330.0,CAL1
8247,2023-03-06 07:00:00,29.0,330.0,CAL1
8248,2023-03-06 07:00:00,28.0,330.0,CAL1
8249,2023-03-06 07:00:00,0.0,330.0,CAL1
8340,2023-03-06 23:00:00,53.4,330.0,CAL1
8341,2023-03-06 23:00:00,45.4,330.0,CAL1
8342,2023-03-06 23:00:00,30.0,330.0,CAL1
8343,2023-03-06 23:00:00,29.0,330.0,CAL1
8344,2023-03-06 23:00:00,28.0,330.0,CAL1
8345,2023-03-06 23:00:00,0.0,330.0,CAL1
8346,2023-03-07 00:00:00,51.37,330.0,CAL1
8347,2023-03-07 00:00:00,42.57,330.0,CAL1
8348,2023-03-07 00:00:00,27.01,330.0,CAL1
8349,2023-03-07 00:00:00,26.01,330.0,CAL1
8350,2023-03-07 00:00:00,25.01,330.0,CAL1
8351,2023-03-07 00:00:00,0.0,330.0,CAL1
8352,2023-03-07 01:00:00,51.37,330.0,CAL1
8353,2023-03-07 01:00:00,42.57,330.0,CAL1
8354,2023-03-07 01:00:00,27.01,330.0,CAL1
8355,2023-03-07 01:00:00,26.01,330.0,CAL1
8356,2023-03-07 01:00:00,25.01,330.0,CAL1
8357,2023-03-07 01:00:00,0.0,330.0,CAL1
8358,2023-03-07 02:00:00,51.37,330.0,CAL1
8359,2023-03-07 02:00:00,42.57,330.0,CAL1
8360,2023-03-07 02:00:00,27.01,330.0,CAL1
8361,2023-03-07 02:00:00,26.01,330.0,CAL1
8362,2023-03-07 02:00:00,25.01,330.0,CAL1
8363,2023-03-07 02:00:00,0.0,330.0,CAL1
8364,2023-03-07 03:00:00,51.37,330.0,CAL1
8365,2023-03-07 03:00:00,42.57,330.0,CAL1
8366,2023-03-07 03:00:00,27.01,330.0,CAL1
8367,2023-03-07 03:00:00,26.01,330.0,CAL1
8368,2023-03-07 03:00:00,25.01,330.0,CAL1
8369,2023-03-07 03:00:00,0.0,330.0,CAL1
8370,2023-03-07 04:00:00,51.37,330.0,CAL1
8371,2023-03-07 04:00:00,42.57,330.0,CAL1
8372,2023-03-07 04:00:00,27.01,330.0,CAL1
8373,2023-03-07 04:00:00,26.01,330.0,CAL1
8374,2023-03-07 04:00:00,25.01,330.0,CAL1
8375,2023-03-07 04:00:00,0.0,330.0,CAL1
8376,2023-03-07 05:00:00,51.37,330.0,CAL1
8377,2023-03-07 05:00:00,42.57,330.0,CAL1
8378,2023-03-07 05:00:00,27.01,330.0,CAL1
8379,2023-03-07 05:00:00,26.01,330.0,CAL1
8380,2023-03-07 05:00:00,25.01,330.0,CAL1
8381,2023-03-07 05:00:00,0.0,330.0,CAL1
8382,2023-03-07 06:00:00,51.37,330.0,CAL1
8383,2023-03-07 06:00:00,42.57,330.0,CAL1
8384,2023-03-07 06:00:00,27.01,330.0,CAL1
8385,2023-03-07 06:00:00,26.01,330.0,CAL1
8386,2023-03-07 06:00:00,25.01,330.0,CAL1
8387,2023-03-07 06:00:00,0.0,330.0,CAL1
8388,2023-03-07 07:00:00,51.37,330.0,CAL1
8389,2023-03-07 07:00:00,42.57,330.0,CAL1
8390,2023-03-07 07:00:00,27.01,330.0,CAL1
8391,2023-03-07 07:00:00,26.01,330.0,CAL1
8392,2023-03-07 07:00:00,25.01,330.0,CAL1
8393,2023-03-07 07:00:00,0.0,330.0,CAL1
8484,2023-03-07 23:00:00,51.37,330.0,CAL1
8485,2023-03-07 23:00:00,42.57,330.0,CAL1
8486,2023-03-07 23:00:00,27.01,330.0,CAL1
8487,2023-03-07 23:00:00,26.01,330.0,CAL1
8488,2023-03-07 23:00:00,25.01,330.0,CAL1
8489,2023-03-07 23:00:00,0.0,330.0,CAL1
8490,2023-03-08 00:00:00,50.78,330.0,CAL1
8491,2023-03-08 00:00:00,42.14,330.0,CAL1
8492,2023-03-08 00:00:00,26.67,330.0,CAL1
8493,2023-03-08 00:00:00,25.67,330.0,CAL1
8494,2023-03-08 00:00:00,24.67,330.0,CAL1
8495,2023-03-08 00:00:00,0.0,330.0,CAL1
8496,2023-03-08 01:00:00,50.78,330.0,CAL1
8497,2023-03-08 01:00:00,42.14,330.0,CAL1
8498,2023-03-08 01:00:00,26.67,330.0,CAL1
8499,2023-03-08 01:00:00,25.67,330.0,CAL1
8500,2023-03-08 01:00:00,24.67,330.0,CAL1
8501,2023-03-08 01:00:00,0.0,330.0,CAL1
8502,2023-03-08 02:00:00,50.78,330.0,CAL1
8503,2023-03-08 02:00:00,42.14,330.0,CAL1
8504,2023-03-08 02:00:00,26.67,330.0,CAL1
8505,2023-03-08 02:00:00,25.67,330.0,CAL1
8506,2023-03-08 02:00:00,24.67,330.0,CAL1
8507,2023-03-08 02:00:00,0.0,330.0,CAL1
8508,2023-03-08 03:00:00,50.78,330.0,CAL1
8509,2023-03-08 03:00:00,42.14,330.0,CAL1
8510,2023-03-08 03:00:00,26.67,330.0,CAL1
8511,2023-03-08 03:00:00,25.67,330.0,CAL1
8512,2023-03-08 03:00:00,24.67,330.0,CAL1
8513,2023-03-08 03:00:00,0.0,330.0,CAL1
8514,2023-03-08 04:00:00,50.78,330.0,CAL1
8515,2023-03-08 04:00:00,42.14,330.0,CAL1
8516,2023-03-08 04:00:00,26.67,330.0,CAL1
8517,2023-03-08 04:00:00,25.67,330.0,CAL1
8518,2023-03-08 04:00:00,24.67,330.0,CAL1
8519,2023-03-08 04:00:00,0.0,330.0,CAL1
8520,2023-03-08 05:00:00,50.78,330.0,CAL1
8521,2023-03-08 05:00:00,42.14,330.0,CAL1
8522,2023-03-08 05:00:00,26.67,330.0,CAL1
8523,2023-03-08 05:00:00,25.67,330.0,CAL1
8524,2023-03-08 05:00:00,24.67,330.0,CAL1
8525,2023-03-08 05:00:00,0.0,330.0,CAL1
8526,2023-03-08 06:00:00,50.78,330.0,CAL1
8527,2023-03-08 06:00:00,42.14,330.0,CAL1
8528,2023-03-08 06:00:00,26.67,330.0,CAL1
8529,2023-03-08 06:00:00,25.67,330.0,CAL1
8530,2023-03-08 06:00:00,24.67,330.0,CAL1
8531,2023-03-08 06:00:00,0.0,330.0,CAL1
8532,2023-03-08 07:00:00,50.78,330.0,CAL1
8533,2023-03-08 07:00:00,42.14,330.0,CAL1
8534,2023-03-08 07:00:00,26.67,330.0,CAL1
8535,2023-03-08 07:00:00,25.67,330.0,CAL1
8536,2023-03-08 07:00:00,24.67,330.0,CAL1
8537,2023-03-08 07:00:00,0.0,330.0,CAL1
8628,2023-03-08 23:00:00,50.78,330.0,CAL1
8629,2023-03-08 23:00:00,42.14,330.0,CAL1
8630,2023-03-08 23:00:00,26.67,330.0,CAL1
8631,2023-03-08 23:00:00,25.67,330.0,CAL1
8632,2023-03-08 23:00:00,24.67,330.0,CAL1
8633,2023-03-08 23:00:00,0.0,330.0,CAL1
8634,2023-03-09 00:00:00,52.23,330.0,CAL1
8635,2023-03-09 00:00:00,41.52,330.0,CAL1
8636,2023-03-09 00:00:00,25.65,330.0,CAL1
8637,2023-03-09 00:00:00,24.65,330.0,CAL1
8638,2023-03-09 00:00:00,23.64,330.0,CAL1
8639,2023-03-09 00:00:00,0.0,330.0,CAL1
8640,2023-03-09 01:00:00,52.23,330.0,CAL1
8641,2023-03-09 01:00:00,41.52,330.0,CAL1
8642,2023-03-09 01:00:00,25.65,330.0,CAL1
8643,2023-03-09 01:00:00,24.65,330.0,CAL1
8644,2023-03-09 01:00:00,23.64,330.0,CAL1
8645,2023-03-09 01:00:00,0.0,330.0,CAL1
8646,2023-03-09 02:00:00,52.23,330.0,CAL1
8647,2023-03-09 02:00:00,41.52,330.0,CAL1
8648,2023-03-09 02:00:00,25.65,330.0,CAL1
8649,2023-03-09 02:00:00,24.65,330.0,CAL1
8650,2023-03-09 02:00:00,23.64,330.0,CAL1
8651,2023-03-09 02:00:00,0.0,330.0,CAL1
8652,2023-03-09 03:00:00,52.23,330.0,CAL1
8653,2023-03-09 03:00:00,41.52,330.0,CAL1
8654,2023-03-09 03:00:00,25.65,330.0,CAL1
8655,2023-03-09 03:00:00,24.65,330.0,CAL1
8656,2023-03-09 03:00:00,23.64,330.0,CAL1
8657,2023-03-09 03:00:00,0.0,330.0,CAL1
8658,2023-03-09 04:00:00,52.23,330.0,CAL1
8659,2023-03-09 04:00:00,41.52,330.0,CAL1
8660,2023-03-09 04:00:00,25.65,330.0,CAL1
8661,2023-03-09 04:00:00,24.65,330.0,CAL1
8662,2023-03-09 04:00:00,23.64,330.0,CAL1
8663,2023-03-09 04:00:00,0.0,330.0,CAL1
8664,2023-03-09 05:00:00,52.23,330.0,CAL1
8665,2023-03-09 05:00:00,41.52,330.0,CAL1
8666,2023-03-09 05:00:00,25.65,330.0,CAL1
8667,2023-03-09 05:00:00,24.65,330.0,CAL1
8668,2023-03-09 05:00:00,23.64,330.0,CAL1
8669,2023-03-09 05:00:00,0.0,330.0,CAL1
8670,2023-03-09 06:00:00,52.23,330.0,CAL1
8671,2023-03-09 06:00:00,41.52,330.0,CAL1
8672,2023-03-09 06:00:00,25.65,330.0,CAL1
8673,2023-03-09 06:00:00,24.65,330.0,CAL1
8674,2023-03-09 06:00:00,23.64,330.0,CAL1
8675,2023-03-09 06:00:00,0.0,330.0,CAL1
8676,2023-03-09 07:00:00,52.23,330.0,CAL1
8677,2023-03-09 07:00:00,41.52,330.0,CAL1
8678,2023-03-09 07:00:00,25.65,330.0,CAL1
8679,2023-03-09 07:00:00,24.65,330.0,CAL1
8680,2023-03-09 07:00:00,23.64,330.0,CAL1
8681,2023-03-09 07:00:00,0.0,330.0,CAL1
8772,2023-03-09 23:00:00,40.01,330.0,CAL1
8773,2023-03-09 23:00:00,40.0,330.0,CAL1
8774,2023-03-09 23:00:00,25.65,330.0,CAL1
8775,2023-03-09 23:00:00,24.65,330.0,CAL1
8776,2023-03-09 23:00:00,23.64,330.0,CAL1
8777,2023-03-09 23:00:00,0.0,330.0,CAL1
8778,2023-03-10 00:00:00,51.5,330.0,CAL1
8779,2023-03-10 00:00:00,42.5,330.0,CAL1
8780,2023-03-10 00:00:00,25.31,330.0,CAL1
8781,2023-03-10 00:00:00,25.05,330.0,CAL1
8782,2023-03-10 00:00:00,24.8,330.0,CAL1
8783,2023-03-10 00:00:00,0.0,330.0,CAL1
8784,2023-03-10 01:00:00,51.5,330.0,CAL1
8785,2023-03-10 01:00:00,42.5,330.0,CAL1
8786,2023-03-10 01:00:00,25.31,330.0,CAL1
8787,2023-03-10 01:00:00,25.05,330.0,CAL1
8788,2023-03-10 01:00:00,24.8,330.0,CAL1
8789,2023-03-10 01:00:00,0.0,330.0,CAL1
8790,2023-03-10 02:00:00,51.5,330.0,CAL1
8791,2023-03-10 02:00:00,42.5,330.0,CAL1
8792,2023-03-10 02:00:00,25.31,330.0,CAL1
8793,2023-03-10 02:00:00,25.05,330.0,CAL1
8794,2023-03-10 02:00:00,24.8,330.0,CAL1
8795,2023-03-10 02:00:00,0.0,330.0,CAL1
8796,2023-03-10 03:00:00,51.5,330.0,CAL1
8797,2023-03-10 03:00:00,42.5,330.0,CAL1
8798,2023-03-10 03:00:00,25.31,330.0,CAL1
8799,2023-03-10 03:00:00,25.05,330.0,CAL1
8800,2023-03-10 03:00:00,24.8,330.0,CAL1
8801,2023-03-10 03:00:00,0.0,330.0,CAL1
8802,2023-03-10 04:00:00,51.5,330.0,CAL1
8803,2023-03-10 04:00:00,42.5,330.0,CAL1
8804,2023-03-10 04:00:00,25.31,330.0,CAL1
8805,2023-03-10 04:00:00,25.05,330.0,CAL1
8806,2023-03-10 04:00:00,24.8,330.0,CAL1
8807,2023-03-10 04:00:00,0.0,330.0,CAL1
8808,2023-03-10 05:00:00,51.5,330.0,CAL1
8809,2023-03-10 05:00:00,42.5,330.0,CAL1
8810,2023-03-10 05:00:00,25.31,330.0,CAL1
8811,2023-03-10 05:00:00,25.05,330.0,CAL1
8812,2023-03-10 05:00:00,24.8,330.0,CAL1
8813,2023-03-10 05:00:00,0.0,330.0,CAL1
8814,2023-03-10 06:00:00,51.5,330.0,CAL1
8815,2023-03-10 06:00:00,42.5,330.0,CAL1
8816,2023-03-10 06:00:00,25.31,330.0,CAL1
8817,2023-03-10 06:00:00,25.05,330.0,CAL1
8818,2023-03-10 06:00:00,24.8,330.0,CAL1
8819,2023-03-10 06:00:00,0.0,330.0,CAL1
8820,2023-03-10 07:00:00,51.5,330.0,CAL1
8821,2023-03-10 07:00:00,42.5,330.0,CAL1
8822,2023-03-10 07:00:00,25.31,330.0,CAL1
8823,2023-03-10 07:00:00,25.05,330.0,CAL1
8824,2023-03-10 07:00:00,24.8,330.0,CAL1
8825,2023-03-10 07:00:00,0.0,330.0,CAL1
8916,2023-03-10 23:00:00,51.5,330.0,CAL1
8917,2023-03-10 23:00:00,42.5,330.0,CAL1
8918,2023-03-10 23:00:00,25.31,330.0,CAL1
8919,2023-03-10 23:00:00,25.05,330.0,CAL1
8920,2023-03-10 23:00:00,24.8,330.0,CAL1
8921,2023-03-10 23:00:00,0.0,330.0,CAL1
8922,2023-03-11 00:00:00,900.0,330.0,CAL1
8923,2023-03-11 00:00:00,895.0,330.0,CAL1
8924,2023-03-11 00:00:00,26.67,330.0,CAL1
8925,2023-03-11 00:00:00,25.67,330.0,CAL1
8926,2023-03-11 00:00:00,24.67,330.0,CAL1
8927,2023-03-11 00:00:00,0.0,330.0,CAL1
8928,2023-03-11 01:00:00,900.0,330.0,CAL1
8929,2023-03-11 01:00:00,895.0,330.0,CAL1
8930,2023-03-11 01:00:00,555.0,330.0,CAL1
8931,2023-03-11 01:00:00,25.67,330.0,CAL1
8932,2023-03-11 01:00:00,24.67,330.0,CAL1
8933,2023-03-11 01:00:00,0.0,330.0,CAL1
8934,2023-03-11 02:00:00,900.0,330.0,CAL1
8935,2023-03-11 02:00:00,895.0,330.0,CAL1
8936,2023-03-11 02:00:00,555.0,330.0,CAL1
8937,2023-03-11 02:00:00,25.67,330.0,CAL1
8938,2023-03-11 02:00:00,24.67,330.0,CAL1
8939,2023-03-11 02:00:00,0.0,330.0,CAL1
8940,2023-03-11 03:00:00,900.0,330.0,CAL1
8941,2023-03-11 03:00:00,895.0,330.0,CAL1
8942,2023-03-11 03:00:00,555.0,330.0,CAL1
8943,2023-03-11 03:00:00,25.67,330.0,CAL1
8944,2023-03-11 03:00:00,24.67,330.0,CAL1
8945,2023-03-11 03:00:00,0.0,330.0,CAL1
8946,2023-03-11 04:00:00,900.0,330.0,CAL1
8947,2023-03-11 04:00:00,895.0,330.0,CAL1
8948,2023-03-11 04:00:00,555.0,330.0,CAL1
8949,2023-03-11 04:00:00,25.67,330.0,CAL1
8950,2023-03-11 04:00:00,24.67,330.0,CAL1
8951,2023-03-11 04:00:00,0.0,330.0,CAL1
8952,2023-03-11 05:00:00,900.0,330.0,CAL1
8953,2023-03-11 05:00:00,895.0,330.0,CAL1
8954,2023-03-11 05:00:00,26.67,330.0,CAL1
8955,2023-03-11 05:00:00,25.67,330.0,CAL1
8956,2023-03-11 05:00:00,24.67,330.0,CAL1
8957,2023-03-11 05:00:00,0.0,330.0,CAL1
8958,2023-03-11 06:00:00,900.0,330.0,CAL1
8959,2023-03-11 06:00:00,895.0,330.0,CAL1
8960,2023-03-11 06:00:00,26.67,330.0,CAL1
8961,2023-03-11 06:00:00,25.67,330.0,CAL1
8962,2023-03-11 06:00:00,24.67,330.0,CAL1
8963,2023-03-11 06:00:00,0.0,330.0,CAL1
8964,2023-03-11 07:00:00,40.01,330.0,CAL1
8965,2023-03-11 07:00:00,40.0,330.0,CAL1
8966,2023-03-11 07:00:00,26.67,330.0,CAL1
8967,2023-03-11 07:00:00,25.67,330.0,CAL1
8968,2023-03-11 07:00:00,24.67,330.0,CAL1
8969,2023-03-11 07:00:00,0.0,330.0,CAL1
9060,2023-03-11 23:00:00,40.01,330.0,CAL1
9061,2023-03-11 23:00:00,40.0,330.0,CAL1
9062,2023-03-11 23:00:00,26.67,330.0,CAL1
9063,2023-03-11 23:00:00,25.67,330.0,CAL1
9064,2023-03-11 23:00:00,24.67,330.0,CAL1
9065,2023-03-11 23:00:00,0.0,330.0,CAL1
9066,2023-03-12 00:00:00,400.0,330.0,CAL1
9067,2023-03-12 00:00:00,395.0,330.0,CAL1
9068,2023-03-12 00:00:00,29.22,330.0,CAL1
9069,2023-03-12 00:00:00,28.48,330.0,CAL1
9070,2023-03-12 00:00:00,27.97,330.0,CAL1
9071,2023-03-12 00:00:00,0.0,330.0,CAL1
9072,2023-03-12 01:00:00,400.0,330.0,CAL1
9073,2023-03-12 01:00:00,395.0,330.0,CAL1
9074,2023-03-12 01:00:00,29.22,330.0,CAL1
9075,2023-03-12 01:00:00,28.48,330.0,CAL1
9076,2023-03-12 01:00:00,27.97,330.0,CAL1
9077,2023-03-12 01:00:00,0.0,330.0,CAL1
9078,2023-03-12 03:00:00,400.0,330.0,CAL1
9079,2023-03-12 03:00:00,395.0,330.0,CAL1
9080,2023-03-12 03:00:00,29.22,330.0,CAL1
9081,2023-03-12 03:00:00,28.48,330.0,CAL1
9082,2023-03-12 03:00:00,27.97,330.0,CAL1
9083,2023-03-12 03:00:00,0.0,330.0,CAL1
9084,2023-03-12 04:00:00,901.0,330.0,CAL1
9085,2023-03-12 04:00:00,900.0,330.0,CAL1
9086,2023-03-12 04:00:00,29.22,330.0,CAL1
9087,2023-03-12 04:00:00,28.48,330.0,CAL1
9088,2023-03-12 04:00:00,27.97,330.0,CAL1
9089,2023-03-12 04:00:00,0.0,330.0,CAL1
9090,2023-03-12 05:00:00,901.0,330.0,CAL1
9091,2023-03-12 05:00:00,900.0,330.0,CAL1
9092,2023-03-12 05:00:00,29.22,330.0,CAL1
9093,2023-03-12 05:00:00,28.48,330.0,CAL1
9094,2023-03-12 05:00:00,27.97,330.0,CAL1
9095,2023-03-12 05:00:00,0.0,330.0,CAL1
9096,2023-03-12 06:00:00,901.0,330.0,CAL1
9097,2023-03-12 06:00:00,900.0,330.0,CAL1
9098,2023-03-12 06:00:00,29.22,330.0,CAL1
9099,2023-03-12 06:00:00,28.48,330.0,CAL1
9100,2023-03-12 06:00:00,27.97,330.0,CAL1
9101,2023-03-12 06:00:00,0.0,330.0,CAL1
9102,2023-03-12 07:00:00,40.01,330.0,CAL1
9103,2023-03-12 07:00:00,40.0,330.0,CAL1
9104,2023-03-12 07:00:00,29.22,330.0,CAL1
9105,2023-03-12 07:00:00,28.48,330.0,CAL1
9106,2023-03-12 07:00:00,27.97,330.0,CAL1
9107,2023-03-12 07:00:00,0.0,330.0,CAL1
9198,2023-03-12 23:00:00,40.01,330.0,CAL1
9199,2023-03-12 23:00:00,40.0,330.0,CAL1
9200,2023-03-12 23:00:00,29.22,330.0,CAL1
9201,2023-03-12 23:00:00,28.48,330.0,CAL1
9202,2023-03-12 23:00:00,27.97,330.0,CAL1
9203,2023-03-12 23:00:00,0.0,330.0,CAL1
9204,2023-03-13 00:00:00,400.0,330.0,CAL1
9205,2023-03-13 00:00:00,395.0,330.0,CAL1
9206,2023-03-13 00:00:00,26.0,330.0,CAL1
9207,2023-03-13 00:00:00,25.0,330.0,CAL1
9208,2023-03-13 00:00:00,24.0,330.0,CAL1
9209,2023-03-13 00:00:00,0.0,330.0,CAL1
9210,2023-03-13 01:00:00,400.0,330.0,CAL1
9211,2023-03-13 01:00:00,395.0,330.0,CAL1
9212,2023-03-13 01:00:00,26.0,330.0,CAL1
9213,2023-03-13 01:00:00,25.0,330.0,CAL1
9214,2023-03-13 01:00:00,24.0,330.0,CAL1
9215,2023-03-13 01:00:00,0.0,330.0,CAL1
9216,2023-03-13 02:00:00,915.0,330.0,CAL1
9217,2023-03-13 02:00:00,905.0,330.0,CAL1
9218,2023-03-13 02:00:00,26.0,330.0,CAL1
9219,2023-03-13 02:00:00,25.0,330.0,CAL1
9220,2023-03-13 02:00:00,24.0,330.0,CAL1
9221,2023-03-13 02:00:00,0.0,330.0,CAL1
9222,2023-03-13 03:00:00,915.0,330.0,CAL1
9223,2023-03-13 03:00:00,905.0,330.0,CAL1
9224,2023-03-13 03:00:00,26.0,330.0,CAL1
9225,2023-03-13 03:00:00,25.0,330.0,CAL1
9226,2023-03-13 03:00:00,24.0,330.0,CAL1
9227,2023-03-13 03:00:00,0.0,330.0,CAL1
9228,2023-03-13 04:00:00,915.0,330.0,CAL1
9229,2023-03-13 04:00:00,905.0,330.0,CAL1
9230,2023-03-13 04:00:00,26.0,330.0,CAL1
9231,2023-03-13 04:00:00,25.0,330.0,CAL1
9232,2023-03-13 04:00:00,24.0,330.0,CAL1
9233,2023-03-13 04:00:00,0.0,330.0,CAL1
9234,2023-03-13 05:00:00,915.0,330.0,CAL1
9235,2023-03-13 05:00:00,905.0,330.0,CAL1
9236,2023-03-13 05:00:00,655.0,330.0,CAL1
9237,2023-03-13 05:00:00,25.0,330.0,CAL1
9238,2023-03-13 05:00:00,24.0,330.0,CAL1
9239,2023-03-13 05:00:00,0.0,330.0,CAL1
9240,2023-03-13 06:00:00,915.0,330.0,CAL1
9241,2023-03-13 06:00:00,905.0,330.0,CAL1
9242,2023-03-13 06:00:00,26.0,330.0,CAL1
9243,2023-03-13 06:00:00,25.0,330.0,CAL1
9244,2023-03-13 06:00:00,24.0,330.0,CAL1
9245,2023-03-13 06:00:00,0.0,330.0,CAL1
9246,2023-03-13 07:00:00,43.15,330.0,CAL1
9247,2023-03-13 07:00:00,42.12,330.0,CAL1
9248,2023-03-13 07:00:00,26.0,330.0,CAL1
9249,2023-03-13 07:00:00,25.0,330.0,CAL1
9250,2023-03-13 07:00:00,24.0,330.0,CAL1
9251,2023-03-13 07:00:00,0.0,330.0,CAL1
9342,2023-03-13 23:00:00,43.15,330.0,CAL1
9343,2023-03-13 23:00:00,42.12,330.0,CAL1
9344,2023-03-13 23:00:00,26.0,330.0,CAL1
9345,2023-03-13 23:00:00,25.0,330.0,CAL1
9346,2023-03-13 23:00:00,24.0,330.0,CAL1
9347,2023-03-13 23:00:00,0.0,330.0,CAL1
9348,2023-03-14 00:00:00,910.0,330.0,CAL1
9349,2023-03-14 00:00:00,905.0,330.0,CAL1
9350,2023-03-14 00:00:00,299.95,330.0,CAL1
9351,2023-03-14 00:00:00,26.04,330.0,CAL1
9352,2023-03-14 00:00:00,25.05,330.0,CAL1
9353,2023-03-14 00:00:00,0.0,330.0,CAL1
9354,2023-03-14 01:00:00,910.0,330.0,CAL1
9355,2023-03-14 01:00:00,905.0,330.0,CAL1
9356,2023-03-14 01:00:00,299.95,330.0,CAL1
9357,2023-03-14 01:00:00,26.04,330.0,CAL1
9358,2023-03-14 01:00:00,25.05,330.0,CAL1
9359,2023-03-14 01:00:00,0.0,330.0,CAL1
9360,2023-03-14 02:00:00,910.0,330.0,CAL1
9361,2023-03-14 02:00:00,905.0,330.0,CAL1
9362,2023-03-14 02:00:00,299.95,330.0,CAL1
9363,2023-03-14 02:00:00,26.04,330.0,CAL1
9364,2023-03-14 02:00:00,25.05,330.0,CAL1
9365,2023-03-14 02:00:00,0.0,330.0,CAL1
9366,2023-03-14 03:00:00,910.0,330.0,CAL1
9367,2023-03-14 03:00:00,905.0,330.0,CAL1
9368,2023-03-14 03:00:00,27.04,330.0,CAL1
9369,2023-03-14 03:00:00,26.04,330.0,CAL1
9370,2023-03-14 03:00:00,25.05,330.0,CAL1
9371,2023-03-14 03:00:00,0.0,330.0,CAL1
9372,2023-03-14 04:00:00,910.0,330.0,CAL1
9373,2023-03-14 04:00:00,905.0,330.0,CAL1
9374,2023-03-14 04:00:00,27.04,330.0,CAL1
9375,2023-03-14 04:00:00,26.04,330.0,CAL1
9376,2023-03-14 04:00:00,25.05,330.0,CAL1
9377,2023-03-14 04:00:00,0.0,330.0,CAL1
9378,2023-03-14 05:00:00,910.0,330.0,CAL1
9379,2023-03-14 05:00:00,905.0,330.0,CAL1
9380,2023-03-14 05:00:00,27.04,330.0,CAL1
9381,2023-03-14 05:00:00,26.04,330.0,CAL1
9382,2023-03-14 05:00:00,25.05,330.0,CAL1
9383,2023-03-14 05:00:00,0.0,330.0,CAL1
9384,2023-03-14 06:00:00,910.0,330.0,CAL1
9385,2023-03-14 06:00:00,905.0,330.0,CAL1
9386,2023-03-14 06:00:00,27.04,330.0,CAL1
9387,2023-03-14 06:00:00,26.04,330.0,CAL1
9388,2023-03-14 06:00:00,25.05,330.0,CAL1
9389,2023-03-14 06:00:00,0.0,330.0,CAL1
9390,2023-03-14 07:00:00,49.89,330.0,CAL1
9391,2023-03-14 07:00:00,39.55,330.0,CAL1
9392,2023-03-14 07:00:00,27.04,330.0,CAL1
9393,2023-03-14 07:00:00,26.04,330.0,CAL1
9394,2023-03-14 07:00:00,25.05,330.0,CAL1
9395,2023-03-14 07:00:00,0.0,330.0,CAL1
9486,2023-03-14 23:00:00,910.0,330.0,CAL1
9487,2023-03-14 23:00:00,905.0,330.0,CAL1
9488,2023-03-14 23:00:00,27.04,330.0,CAL1
9489,2023-03-14 23:00:00,26.04,330.0,CAL1
9490,2023-03-14 23:00:00,25.05,330.0,CAL1
9491,2023-03-14 23:00:00,0.0,330.0,CAL1
9492,2023-03-15 00:00:00,999.91,330.0,CAL1
9493,2023-03-15 00:00:00,999.9,330.0,CAL1
9494,2023-03-15 00:00:00,295.55,330.0,CAL1
9495,2023-03-15 00:00:00,25.88,330.0,CAL1
9496,2023-03-15 00:00:00,24.88,330.0,CAL1
9497,2023-03-15 00:00:00,0.0,330.0,CAL1
9498,2023-03-15 01:00:00,999.91,330.0,CAL1
9499,2023-03-15 01:00:00,999.9,330.0,CAL1
9500,2023-03-15 01:00:00,89.88,330.0,CAL1
9501,2023-03-15 01:00:00,25.88,330.0,CAL1
9502,2023-03-15 01:00:00,24.88,330.0,CAL1
9503,2023-03-15 01:00:00,0.0,330.0,CAL1
9504,2023-03-15 02:00:00,999.91,330.0,CAL1
9505,2023-03-15 02:00:00,999.9,330.0,CAL1
9506,2023-03-15 02:00:00,26.88,330.0,CAL1
9507,2023-03-15 02:00:00,25.88,330.0,CAL1
9508,2023-03-15 02:00:00,24.88,330.0,CAL1
9509,2023-03-15 02:00:00,0.0,330.0,CAL1
9510,2023-03-15 03:00:00,999.91,330.0,CAL1
9511,2023-03-15 03:00:00,999.9,330.0,CAL1
9512,2023-03-15 03:00:00,26.88,330.0,CAL1
9513,2023-03-15 03:00:00,25.88,330.0,CAL1
9514,2023-03-15 03:00:00,24.88,330.0,CAL1
9515,2023-03-15 03:00:00,0.0,330.0,CAL1
9516,2023-03-15 04:00:00,999.91,330.0,CAL1
9517,2023-03-15 04:00:00,999.9,330.0,CAL1
9518,2023-03-15 04:00:00,26.88,330.0,CAL1
9519,2023-03-15 04:00:00,25.88,330.0,CAL1
9520,2023-03-15 04:00:00,24.88,330.0,CAL1
9521,2023-03-15 04:00:00,0.0,330.0,CAL1
9522,2023-03-15 05:00:00,999.91,330.0,CAL1
9523,2023-03-15 05:00:00,999.9,330.0,CAL1
9524,2023-03-15 05:00:00,26.88,330.0,CAL1
9525,2023-03-15 05:00:00,25.88,330.0,CAL1
9526,2023-03-15 05:00:00,24.88,330.0,CAL1
9527,2023-03-15 05:00:00,0.0,330.0,CAL1
9528,2023-03-15 06:00:00,50.4,330.0,CAL1
9529,2023-03-15 06:00:00,40.65,330.0,CAL1
9530,2023-03-15 06:00:00,26.88,330.0,CAL1
9531,2023-03-15 06:00:00,25.88,330.0,CAL1
9532,2023-03-15 06:00:00,24.88,330.0,CAL1
9533,2023-03-15 06:00:00,0.0,330.0,CAL1
9534,2023-03-15 07:00:00,50.4,330.0,CAL1
9535,2023-03-15 07:00:00,40.65,330.0,CAL1
9536,2023-03-15 07:00:00,26.88,330.0,CAL1
9537,2023-03-15 07:00:00,25.88,330.0,CAL1
9538,2023-03-15 07:00:00,24.88,330.0,CAL1
9539,2023-03-15 07:00:00,0.0,330.0,CAL1
9630,2023-03-15 23:00:00,999.91,330.0,CAL1
9631,2023-03-15 23:00:00,999.9,330.0,CAL1
9632,2023-03-15 23:00:00,26.88,330.0,CAL1
9633,2023-03-15 23:00:00,25.88,330.0,CAL1
9634,2023-03-15 23:00:00,24.88,330.0,CAL1
9635,2023-03-15 23:00:00,0.0,330.0,CAL1
9636,2023-03-16 00:00:00,999.91,330.0,CAL1
9637,2023-03-16 00:00:00,999.9,330.0,CAL1
9638,2023-03-16 00:00:00,25.93,330.0,CAL1
9639,2023-03-16 00:00:00,24.93,330.0,CAL1
9640,2023-03-16 00:00:00,23.93,330.0,CAL1
9641,2023-03-16 00:00:00,0.0,330.0,CAL1
9642,2023-03-16 01:00:00,999.91,330.0,CAL1
9643,2023-03-16 01:00:00,999.9,330.0,CAL1
9644,2023-03-16 01:00:00,25.93,330.0,CAL1
9645,2023-03-16 01:00:00,24.93,330.0,CAL1
9646,2023-03-16 01:00:00,23.93,330.0,CAL1
9647,2023-03-16 01:00:00,0.0,330.0,CAL1
9648,2023-03-16 02:00:00,999.91,330.0,CAL1
9649,2023-03-16 02:00:00,999.9,330.0,CAL1
9650,2023-03-16 02:00:00,25.93,330.0,CAL1
9651,2023-03-16 02:00:00,24.93,330.0,CAL1
9652,2023-03-16 02:00:00,23.93,330.0,CAL1
9653,2023-03-16 02:00:00,0.0,330.0,CAL1
9654,2023-03-16 03:00:00,999.91,330.0,CAL1
9655,2023-03-16 03:00:00,999.9,330.0,CAL1
9656,2023-03-16 03:00:00,25.93,330.0,CAL1
9657,2023-03-16 03:00:00,24.93,330.0,CAL1
9658,2023-03-16 03:00:00,23.93,330.0,CAL1
9659,2023-03-16 03:00:00,0.0,330.0,CAL1
9660,2023-03-16 04:00:00,999.91,330.0,CAL1
9661,2023-03-16 04:00:00,999.9,330.0,CAL1
9662,2023-03-16 04:00:00,25.93,330.0,CAL1
9663,2023-03-16 04:00:00,24.93,330.0,CAL1
9664,2023-03-16 04:00:00,23.93,330.0,CAL1
9665,2023-03-16 04:00:00,0.0,330.0,CAL1
9666,2023-03-16 05:00:00,999.91,330.0,CAL1
9667,2023-03-16 05:00:00,999.9,330.0,CAL1
9668,2023-03-16 05:00:00,25.93,330.0,CAL1
9669,2023-03-16 05:00:00,24.93,330.0,CAL1
9670,2023-03-16 05:00:00,23.93,330.0,CAL1
9671,2023-03-16 05:00:00,0.0,330.0,CAL1
9672,2023-03-16 06:00:00,48.79,330.0,CAL1
9673,2023-03-16 06:00:00,39.47,330.0,CAL1
9674,2023-03-16 06:00:00,25.93,330.0,CAL1
9675,2023-03-16 06:00:00,24.93,330.0,CAL1
9676,2023-03-16 06:00:00,23.93,330.0,CAL1
9677,2023-03-16 06:00:00,0.0,330.0,CAL1
9678,2023-03-16 07:00:00,48.79,330.0,CAL1
9679,2023-03-16 07:00:00,39.47,330.0,CAL1
9680,2023-03-16 07:00:00,25.93,330.0,CAL1
9681,2023-03-16 07:00:00,24.93,330.0,CAL1
9682,2023-03-16 07:00:00,23.93,330.0,CAL1
9683,2023-03-16 07:00:00,0.0,330.0,CAL1
9774,2023-03-16 23:00:00,48.79,330.0,CAL1
9775,2023-03-16 23:00:00,33.47,330.0,CAL1
9776,2023-03-16 23:00:00,25.93,330.0,CAL1
9777,2023-03-16 23:00:00,24.93,330.0,CAL1
9778,2023-03-16 23:00:00,23.93,330.0,CAL1
9779,2023-03-16 23:00:00,0.0,330.0,CAL1
9780,2023-03-17 00:00:00,999.91,330.0,CAL1
9781,2023-03-17 00:00:00,999.9,330.0,CAL1
9782,2023-03-17 00:00:00,25.91,330.0,CAL1
9783,2023-03-17 00:00:00,24.91,330.0,CAL1
9784,2023-03-17 00:00:00,23.91,330.0,CAL1
9785,2023-03-17 00:00:00,0.0,330.0,CAL1
9786,2023-03-17 01:00:00,999.91,330.0,CAL1
9787,2023-03-17 01:00:00,999.9,330.0,CAL1
9788,2023-03-17 01:00:00,25.91,330.0,CAL1
9789,2023-03-17 01:00:00,24.91,330.0,CAL1
9790,2023-03-17 01:00:00,23.91,330.0,CAL1
9791,2023-03-17 01:00:00,0.0,330.0,CAL1
9792,2023-03-17 02:00:00,999.91,330.0,CAL1
9793,2023-03-17 02:00:00,999.9,330.0,CAL1
9794,2023-03-17 02:00:00,215.55,330.0,CAL1
9795,2023-03-17 02:00:00,24.91,330.0,CAL1
9796,2023-03-17 02:00:00,23.91,330.0,CAL1
9797,2023-03-17 02:00:00,0.0,330.0,CAL1
9798,2023-03-17 03:00:00,999.91,330.0,CAL1
9799,2023-03-17 03:00:00,999.9,330.0,CAL1
9800,2023-03-17 03:00:00,215.55,330.0,CAL1
9801,2023-03-17 03:00:00,24.91,330.0,CAL1
9802,2023-03-17 03:00:00,23.91,330.0,CAL1
9803,2023-03-17 03:00:00,0.0,330.0,CAL1
9804,2023-03-17 04:00:00,999.91,330.0,CAL1
9805,2023-03-17 04:00:00,999.9,330.0,CAL1
9806,2023-03-17 04:00:00,215.55,330.0,CAL1
9807,2023-03-17 04:00:00,24.91,330.0,CAL1
9808,2023-03-17 04:00:00,23.91,330.0,CAL1
9809,2023-03-17 04:00:00,0.0,330.0,CAL1
9810,2023-03-17 05:00:00,999.91,330.0,CAL1
9811,2023-03-17 05:00:00,999.9,330.0,CAL1
9812,2023-03-17 05:00:00,25.91,330.0,CAL1
9813,2023-03-17 05:00:00,24.91,330.0,CAL1
9814,2023-03-17 05:00:00,23.91,330.0,CAL1
9815,2023-03-17 05:00:00,0.0,330.0,CAL1
9816,2023-03-17 06:00:00,46.73,330.0,CAL1
9817,2023-03-17 06:00:00,37.95,330.0,CAL1
9818,2023-03-17 06:00:00,25.91,330.0,CAL1
9819,2023-03-17 06:00:00,24.91,330.0,CAL1
9820,2023-03-17 06:00:00,23.91,330.0,CAL1
9821,2023-03-17 06:00:00,0.0,330.0,CAL1
9822,2023-03-17 07:00:00,46.73,330.0,CAL1
9823,2023-03-17 07:00:00,37.95,330.0,CAL1
9824,2023-03-17 07:00:00,25.91,330.0,CAL1
9825,2023-03-17 07:00:00,24.91,330.0,CAL1
9826,2023-03-17 07:00:00,23.91,330.0,CAL1
9827,2023-03-17 07:00:00,0.0,330.0,CAL1
9918,2023-03-17 23:00:00,999.91,330.0,CAL1
9919,2023-03-17 23:00:00,999.9,330.0,CAL1
9920,2023-03-17 23:00:00,25.91,330.0,CAL1
9921,2023-03-17 23:00:00,24.91,330.0,CAL1
9922,2023-03-17 23:00:00,23.91,330.0,CAL1
9923,2023-03-17 23:00:00,0.0,330.0,CAL1
9924,2023-03-18 00:00:00,999.91,330.0,CAL1
9925,2023-03-18 00:00:00,999.9,330.0,CAL1
9926,2023-03-18 00:00:00,25.93,330.0,CAL1
9927,2023-03-18 00:00:00,24.93,330.0,CAL1
9928,2023-03-18 00:00:00,24.41,330.0,CAL1
9929,2023-03-18 00:00:00,0.0,330.0,CAL1
9930,2023-03-18 01:00:00,999.91,330.0,CAL1
9931,2023-03-18 01:00:00,999.9,330.0,CAL1
9932,2023-03-18 01:00:00,25.93,330.0,CAL1
9933,2023-03-18 01:00:00,24.93,330.0,CAL1
9934,2023-03-18 01:00:00,24.41,330.0,CAL1
9935,2023-03-18 01:00:00,0.0,330.0,CAL1
9936,2023-03-18 02:00:00,999.91,330.0,CAL1
9937,2023-03-18 02:00:00,999.9,330.0,CAL1
9938,2023-03-18 02:00:00,25.93,330.0,CAL1
9939,2023-03-18 02:00:00,24.93,330.0,CAL1
9940,2023-03-18 02:00:00,24.41,330.0,CAL1
9941,2023-03-18 02:00:00,0.0,330.0,CAL1
9942,2023-03-18 03:00:00,999.91,330.0,CAL1
9943,2023-03-18 03:00:00,999.9,330.0,CAL1
9944,2023-03-18 03:00:00,25.93,330.0,CAL1
9945,2023-03-18 03:00:00,24.93,330.0,CAL1
9946,2023-03-18 03:00:00,24.41,330.0,CAL1
9947,2023-03-18 03:00:00,0.0,330.0,CAL1
9948,2023-03-18 04:00:00,999.91,330.0,CAL1
9949,2023-03-18 04:00:00,999.9,330.0,CAL1
9950,2023-03-18 04:00:00,25.93,330.0,CAL1
9951,2023-03-18 04:00:00,24.93,330.0,CAL1
9952,2023-03-18 04:00:00,24.41,330.0,CAL1
9953,2023-03-18 04:00:00,0.0,330.0,CAL1
9954,2023-03-18 05:00:00,999.91,330.0,CAL1
9955,2023-03-18 05:00:00,999.9,330.0,CAL1
9956,2023-03-18 05:00:00,25.93,330.0,CAL1
9957,2023-03-18 05:00:00,24.93,330.0,CAL1
9958,2023-03-18 05:00:00,24.41,330.0,CAL1
9959,2023-03-18 05:00:00,0.0,330.0,CAL1
9960,2023-03-18 06:00:00,999.91,330.0,CAL1
9961,2023-03-18 06:00:00,999.9,330.0,CAL1
9962,2023-03-18 06:00:00,25.93,330.0,CAL1
9963,2023-03-18 06:00:00,24.93,330.0,CAL1
9964,2023-03-18 06:00:00,24.41,330.0,CAL1
9965,2023-03-18 06:00:00,0.0,330.0,CAL1
9966,2023-03-18 07:00:00,999.91,330.0,CAL1
9967,2023-03-18 07:00:00,999.9,330.0,CAL1
9968,2023-03-18 07:00:00,25.93,330.0,CAL1
9969,2023-03-18 07:00:00,24.93,330.0,CAL1
9970,2023-03-18 07:00:00,24.41,330.0,CAL1
9971,2023-03-18 07:00:00,0.0,330.0,CAL1
10062,2023-03-18 23:00:00,999.91,330.0,CAL1
10063,2023-03-18 23:00:00,999.9,330.0,CAL1
10064,2023-03-18 23:00:00,25.93,330.0,CAL1
10065,2023-03-18 23:00:00,24.93,330.0,CAL1
10066,2023-03-18 23:00:00,24.41,330.0,CAL1
10067,2023-03-18 23:00:00,0.0,330.0,CAL1
10068,2023-03-19 00:00:00,999.91,330.0,CAL1
10069,2023-03-19 00:00:00,999.9,330.0,CAL1
10070,2023-03-19 00:00:00,23.5,330.0,CAL1
10071,2023-03-19 00:00:00,22.5,330.0,CAL1
10072,2023-03-19 00:00:00,21.5,330.0,CAL1
10073,2023-03-19 00:00:00,0.0,330.0,CAL1
10074,2023-03-19 01:00:00,999.91,330.0,CAL1
10075,2023-03-19 01:00:00,999.9,330.0,CAL1
10076,2023-03-19 01:00:00,23.5,330.0,CAL1
10077,2023-03-19 01:00:00,22.5,330.0,CAL1
10078,2023-03-19 01:00:00,21.5,330.0,CAL1
10079,2023-03-19 01:00:00,0.0,330.0,CAL1
10080,2023-03-19 02:00:00,999.91,330.0,CAL1
10081,2023-03-19 02:00:00,999.9,330.0,CAL1
10082,2023-03-19 02:00:00,23.5,330.0,CAL1
10083,2023-03-19 02:00:00,22.5,330.0,CAL1
10084,2023-03-19 02:00:00,21.5,330.0,CAL1
10085,2023-03-19 02:00:00,0.0,330.0,CAL1
10086,2023-03-19 03:00:00,999.91,330.0,CAL1
10087,2023-03-19 03:00:00,999.9,330.0,CAL1
10088,2023-03-19 03:00:00,23.5,330.0,CAL1
10089,2023-03-19 03:00:00,22.5,330.0,CAL1
10090,2023-03-19 03:00:00,21.5,330.0,CAL1
10091,2023-03-19 03:00:00,0.0,330.0,CAL1
10092,2023-03-19 04:00:00,999.91,330.0,CAL1
10093,2023-03-19 04:00:00,999.9,330.0,CAL1
10094,2023-03-19 04:00:00,875.0,330.0,CAL1
10095,2023-03-19 04:00:00,855.0,330.0,CAL1
10096,2023-03-19 04:00:00,21.5,330.0,CAL1
10097,2023-03-19 04:00:00,0.0,330.0,CAL1
10098,2023-03-19 05:00:00,999.91,330.0,CAL1
10099,2023-03-19 05:00:00,999.9,330.0,CAL1
10100,2023-03-19 05:00:00,875.0,330.0,CAL1
10101,2023-03-19 05:00:00,22.5,330.0,CAL1
10102,2023-03-19 05:00:00,21.5,330.0,CAL1
10103,2023-03-19 05:00:00,0.0,330.0,CAL1
10104,2023-03-19 06:00:00,999.91,330.0,CAL1
10105,2023-03-19 06:00:00,999.9,330.0,CAL1
10106,2023-03-19 06:00:00,23.5,330.0,CAL1
10107,2023-03-19 06:00:00,22.5,330.0,CAL1
10108,2023-03-19 06:00:00,21.5,330.0,CAL1
10109,2023-03-19 06:00:00,0.0,330.0,CAL1
10110,2023-03-19 07:00:00,47.39,330.0,CAL1
10111,2023-03-19 07:00:00,36.43,330.0,CAL1
10112,2023-03-19 07:00:00,23.5,330.0,CAL1
10113,2023-03-19 07:00:00,22.5,330.0,CAL1
10114,2023-03-19 07:00:00,21.5,330.0,CAL1
10115,2023-03-19 07:00:00,0.0,330.0,CAL1
10206,2023-03-19 23:00:00,999.91,330.0,CAL1
10207,2023-03-19 23:00:00,999.9,330.0,CAL1
10208,2023-03-19 23:00:00,23.5,330.0,CAL1
10209,2023-03-19 23:00:00,22.5,330.0,CAL1
10210,2023-03-19 23:00:00,21.5,330.0,CAL1
10211,2023-03-19 23:00:00,0.0,330.0,CAL1
10212,2023-03-20 00:00:00,999.91,330.0,CAL1
10213,2023-03-20 00:00:00,999.9,330.0,CAL1
10214,2023-03-20 00:00:00,23.9,330.0,CAL1
10215,2023-03-20 00:00:00,22.9,330.0,CAL1
10216,2023-03-20 00:00:00,21.9,330.0,CAL1
10217,2023-03-20 00:00:00,0.0,330.0,CAL1
10218,2023-03-20 01:00:00,999.91,330.0,CAL1
10219,2023-03-20 01:00:00,999.9,330.0,CAL1
10220,2023-03-20 01:00:00,23.9,330.0,CAL1
10221,2023-03-20 01:00:00,22.9,330.0,CAL1
10222,2023-03-20 01:00:00,21.9,330.0,CAL1
10223,2023-03-20 01:00:00,0.0,330.0,CAL1
10224,2023-03-20 02:00:00,999.91,330.0,CAL1
10225,2023-03-20 02:00:00,999.9,330.0,CAL1
10226,2023-03-20 02:00:00,23.9,330.0,CAL1
10227,2023-03-20 02:00:00,22.9,330.0,CAL1
10228,2023-03-20 02:00:00,21.9,330.0,CAL1
10229,2023-03-20 02:00:00,0.0,330.0,CAL1
10230,2023-03-20 03:00:00,999.91,330.0,CAL1
10231,2023-03-20 03:00:00,999.9,330.0,CAL1
10232,2023-03-20 03:00:00,755.0,330.0,CAL1
10233,2023-03-20 03:00:00,22.9,330.0,CAL1
10234,2023-03-20 03:00:00,21.9,330.0,CAL1
10235,2023-03-20 03:00:00,0.0,330.0,CAL1
10236,2023-03-20 04:00:00,999.91,330.0,CAL1
10237,2023-03-20 04:00:00,999.9,330.0,CAL1
10238,2023-03-20 04:00:00,699.0,330.0,CAL1
10239,2023-03-20 04:00:00,22.9,330.0,CAL1
10240,2023-03-20 04:00:00,21.9,330.0,CAL1
10241,2023-03-20 04:00:00,0.0,330.0,CAL1
10242,2023-03-20 05:00:00,999.91,330.0,CAL1
10243,2023-03-20 05:00:00,999.9,330.0,CAL1
10244,2023-03-20 05:00:00,23.9,330.0,CAL1
10245,2023-03-20 05:00:00,22.9,330.0,CAL1
10246,2023-03-20 05:00:00,21.9,330.0,CAL1
10247,2023-03-20 05:00:00,0.0,330.0,CAL1
10248,2023-03-20 06:00:00,45.35,330.0,CAL1
10249,2023-03-20 06:00:00,36.94,330.0,CAL1
10250,2023-03-20 06:00:00,23.9,330.0,CAL1
10251,2023-03-20 06:00:00,22.9,330.0,CAL1
10252,2023-03-20 06:00:00,21.9,330.0,CAL1
10253,2023-03-20 06:00:00,0.0,330.0,CAL1
10254,2023-03-20 07:00:00,45.35,330.0,CAL1
10255,2023-03-20 07:00:00,36.94,330.0,CAL1
10256,2023-03-20 07:00:00,23.9,330.0,CAL1
10257,2023-03-20 07:00:00,22.9,330.0,CAL1
10258,2023-03-20 07:00:00,21.9,330.0,CAL1
10259,2023-03-20 07:00:00,0.0,330.0,CAL1
10350,2023-03-20 23:00:00,999.91,330.0,CAL1
10351,2023-03-20 23:00:00,999.9,330.0,CAL1
10352,2023-03-20 23:00:00,23.9,330.0,CAL1
10353,2023-03-20 23:00:00,22.9,330.0,CAL1
10354,2023-03-20 23:00:00,21.9,330.0,CAL1
10355,2023-03-20 23:00:00,0.0,330.0,CAL1
10356,2023-03-21 00:00:00,999.91,330.0,CAL1
10357,2023-03-21 00:00:00,999.9,330.0,CAL1
10358,2023-03-21 00:00:00,25.34,330.0,CAL1
10359,2023-03-21 00:00:00,24.34,330.0,CAL1
10360,2023-03-21 00:00:00,23.34,330.0,CAL1
10361,2023-03-21 00:00:00,0.0,330.0,CAL1
10362,2023-03-21 01:00:00,999.91,330.0,CAL1
10363,2023-03-21 01:00:00,999.9,330.0,CAL1
10364,2023-03-21 01:00:00,25.34,330.0,CAL1
10365,2023-03-21 01:00:00,24.34,330.0,CAL1
10366,2023-03-21 01:00:00,23.34,330.0,CAL1
10367,2023-03-21 01:00:00,0.0,330.0,CAL1
10368,2023-03-21 02:00:00,999.91,330.0,CAL1
10369,2023-03-21 02:00:00,999.9,330.0,CAL1
10370,2023-03-21 02:00:00,25.34,330.0,CAL1
10371,2023-03-21 02:00:00,24.34,330.0,CAL1
10372,2023-03-21 02:00:00,23.34,330.0,CAL1
10373,2023-03-21 02:00:00,0.0,330.0,CAL1
10374,2023-03-21 03:00:00,999.91,330.0,CAL1
10375,2023-03-21 03:00:00,999.9,330.0,CAL1
10376,2023-03-21 03:00:00,25.34,330.0,CAL1
10377,2023-03-21 03:00:00,24.34,330.0,CAL1
10378,2023-03-21 03:00:00,23.34,330.0,CAL1
10379,2023-03-21 03:00:00,0.0,330.0,CAL1
10380,2023-03-21 04:00:00,999.91,330.0,CAL1
10381,2023-03-21 04:00:00,999.9,330.0,CAL1
10382,2023-03-21 04:00:00,25.34,330.0,CAL1
10383,2023-03-21 04:00:00,24.34,330.0,CAL1
10384,2023-03-21 04:00:00,23.34,330.0,CAL1
10385,2023-03-21 04:00:00,0.0,330.0,CAL1
10386,2023-03-21 05:00:00,999.91,330.0,CAL1
10387,2023-03-21 05:00:00,999.9,330.0,CAL1
10388,2023-03-21 05:00:00,25.34,330.0,CAL1
10389,2023-03-21 05:00:00,24.34,330.0,CAL1
10390,2023-03-21 05:00:00,23.34,330.0,CAL1
10391,2023-03-21 05:00:00,0.0,330.0,CAL1
10392,2023-03-21 06:00:00,45.35,330.0,CAL1
10393,2023-03-21 06:00:00,37.28,330.0,CAL1
10394,2023-03-21 06:00:00,25.34,330.0,CAL1
10395,2023-03-21 06:00:00,24.34,330.0,CAL1
10396,2023-03-21 06:00:00,23.34,330.0,CAL1
10397,2023-03-21 06:00:00,0.0,330.0,CAL1
10398,2023-03-21 07:00:00,45.35,330.0,CAL1
10399,2023-03-21 07:00:00,37.28,330.0,CAL1
10400,2023-03-21 07:00:00,25.34,330.0,CAL1
10401,2023-03-21 07:00:00,24.34,330.0,CAL1
10402,2023-03-21 07:00:00,23.34,330.0,CAL1
10403,2023-03-21 07:00:00,0.0,330.0,CAL1
10494,2023-03-21 23:00:00,45.35,330.0,CAL1
10495,2023-03-21 23:00:00,37.28,330.0,CAL1
10496,2023-03-21 23:00:00,25.34,330.0,CAL1
10497,2023-03-21 23:00:00,24.34,330.0,CAL1
10498,2023-03-21 23:00:00,23.34,330.0,CAL1
10499,2023-03-21 23:00:00,0.0,330.0,CAL1
10500,2023-03-22 00:00:00,999.91,330.0,CAL1
10501,2023-03-22 00:00:00,999.9,330.0,CAL1
10502,2023-03-22 00:00:00,24.26,330.0,CAL1
10503,2023-03-22 00:00:00,23.26,330.0,CAL1
10504,2023-03-22 00:00:00,22.26,330.0,CAL1
10505,2023-03-22 00:00:00,0.0,330.0,CAL1
10506,2023-03-22 01:00:00,999.91,330.0,CAL1
10507,2023-03-22 01:00:00,999.9,330.0,CAL1
10508,2023-03-22 01:00:00,24.26,330.0,CAL1
10509,2023-03-22 01:00:00,23.26,330.0,CAL1
10510,2023-03-22 01:00:00,22.26,330.0,CAL1
10511,2023-03-22 01:00:00,0.0,330.0,CAL1
10512,2023-03-22 02:00:00,999.91,330.0,CAL1
10513,2023-03-22 02:00:00,999.9,330.0,CAL1
10514,2023-03-22 02:00:00,24.26,330.0,CAL1
10515,2023-03-22 02:00:00,23.26,330.0,CAL1
10516,2023-03-22 02:00:00,22.26,330.0,CAL1
10517,2023-03-22 02:00:00,0.0,330.0,CAL1
10518,2023-03-22 03:00:00,999.91,330.0,CAL1
10519,2023-03-22 03:00:00,999.9,330.0,CAL1
10520,2023-03-22 03:00:00,24.26,330.0,CAL1
10521,2023-03-22 03:00:00,23.26,330.0,CAL1
10522,2023-03-22 03:00:00,22.26,330.0,CAL1
10523,2023-03-22 03:00:00,0.0,330.0,CAL1
10524,2023-03-22 04:00:00,999.91,330.0,CAL1
10525,2023-03-22 04:00:00,999.9,330.0,CAL1
10526,2023-03-22 04:00:00,24.26,330.0,CAL1
10527,2023-03-22 04:00:00,23.26,330.0,CAL1
10528,2023-03-22 04:00:00,22.26,330.0,CAL1
10529,2023-03-22 04:00:00,0.0,330.0,CAL1
10530,2023-03-22 05:00:00,999.91,330.0,CAL1
10531,2023-03-22 05:00:00,999.9,330.0,CAL1
10532,2023-03-22 05:00:00,24.26,330.0,CAL1
10533,2023-03-22 05:00:00,23.26,330.0,CAL1
10534,2023-03-22 05:00:00,22.26,330.0,CAL1
10535,2023-03-22 05:00:00,0.0,330.0,CAL1
10536,2023-03-22 06:00:00,45.93,330.0,CAL1
10537,2023-03-22 06:00:00,37.36,330.0,CAL1
10538,2023-03-22 06:00:00,24.26,330.0,CAL1
10539,2023-03-22 06:00:00,23.26,330.0,CAL1
10540,2023-03-22 06:00:00,22.26,330.0,CAL1
10541,2023-03-22 06:00:00,0.0,330.0,CAL1
10542,2023-03-22 07:00:00,45.93,330.0,CAL1
10543,2023-03-22 07:00:00,37.36,330.0,CAL1
10544,2023-03-22 07:00:00,24.26,330.0,CAL1
10545,2023-03-22 07:00:00,23.26,330.0,CAL1
10546,2023-03-22 07:00:00,22.26,330.0,CAL1
10547,2023-03-22 07:00:00,0.0,330.0,CAL1
10638,2023-03-22 23:00:00,999.91,330.0,CAL1
10639,2023-03-22 23:00:00,999.9,330.0,CAL1
10640,2023-03-22 23:00:00,24.26,330.0,CAL1
10641,2023-03-22 23:00:00,23.26,330.0,CAL1
10642,2023-03-22 23:00:00,22.26,330.0,CAL1
10643,2023-03-22 23:00:00,0.0,330.0,CAL1
10644,2023-03-23 00:00:00,999.91,330.0,CAL1
10645,2023-03-23 00:00:00,999.9,330.0,CAL1
10646,2023-03-23 00:00:00,999.89,330.0,CAL1
10647,2023-03-23 00:00:00,22.48,330.0,CAL1
10648,2023-03-23 00:00:00,21.48,330.0,CAL1
10649,2023-03-23 00:00:00,0.0,330.0,CAL1
10650,2023-03-23 01:00:00,999.91,330.0,CAL1
10651,2023-03-23 01:00:00,999.9,330.0,CAL1
10652,2023-03-23 01:00:00,999.89,330.0,CAL1
10653,2023-03-23 01:00:00,22.48,330.0,CAL1
10654,2023-03-23 01:00:00,21.48,330.0,CAL1
10655,2023-03-23 01:00:00,0.0,330.0,CAL1
10656,2023-03-23 02:00:00,999.91,330.0,CAL1
10657,2023-03-23 02:00:00,999.9,330.0,CAL1
10658,2023-03-23 02:00:00,999.89,330.0,CAL1
10659,2023-03-23 02:00:00,22.48,330.0,CAL1
10660,2023-03-23 02:00:00,21.48,330.0,CAL1
10661,2023-03-23 02:00:00,0.0,330.0,CAL1
10662,2023-03-23 03:00:00,999.91,330.0,CAL1
10663,2023-03-23 03:00:00,999.9,330.0,CAL1
10664,2023-03-23 03:00:00,999.89,330.0,CAL1
10665,2023-03-23 03:00:00,22.48,330.0,CAL1
10666,2023-03-23 03:00:00,21.48,330.0,CAL1
10667,2023-03-23 03:00:00,0.0,330.0,CAL1
10668,2023-03-23 04:00:00,999.91,330.0,CAL1
10669,2023-03-23 04:00:00,999.9,330.0,CAL1
10670,2023-03-23 04:00:00,999.89,330.0,CAL1
10671,2023-03-23 04:00:00,22.48,330.0,CAL1
10672,2023-03-23 04:00:00,21.48,330.0,CAL1
10673,2023-03-23 04:00:00,0.0,330.0,CAL1
10674,2023-03-23 05:00:00,999.91,330.0,CAL1
10675,2023-03-23 05:00:00,999.9,330.0,CAL1
10676,2023-03-23 05:00:00,999.89,330.0,CAL1
10677,2023-03-23 05:00:00,22.48,330.0,CAL1
10678,2023-03-23 05:00:00,21.48,330.0,CAL1
10679,2023-03-23 05:00:00,0.0,330.0,CAL1
10680,2023-03-23 06:00:00,999.91,330.0,CAL1
10681,2023-03-23 06:00:00,999.9,330.0,CAL1
10682,2023-03-23 06:00:00,999.89,330.0,CAL1
10683,2023-03-23 06:00:00,22.48,330.0,CAL1
10684,2023-03-23 06:00:00,21.48,330.0,CAL1
10685,2023-03-23 06:00:00,0.0,330.0,CAL1
10686,2023-03-23 07:00:00,999.91,330.0,CAL1
10687,2023-03-23 07:00:00,999.9,330.0,CAL1
10688,2023-03-23 07:00:00,23.48,330.0,CAL1
10689,2023-03-23 07:00:00,22.48,330.0,CAL1
10690,2023-03-23 07:00:00,21.48,330.0,CAL1
10691,2023-03-23 07:00:00,0.0,330.0,CAL1
10782,2023-03-23 23:00:00,999.91,330.0,CAL1
10783,2023-03-23 23:00:00,999.9,330.0,CAL1
10784,2023-03-23 23:00:00,999.89,330.0,CAL1
10785,2023-03-23 23:00:00,22.48,330.0,CAL1
10786,2023-03-23 23:00:00,21.48,330.0,CAL1
10787,2023-03-23 23:00:00,0.0,330.0,CAL1
10788,2023-03-24 00:00:00,999.91,330.0,CAL1
10789,2023-03-24 00:00:00,999.9,330.0,CAL1
10790,2023-03-24 00:00:00,23.55,330.0,CAL1
10791,2023-03-24 00:00:00,22.55,330.0,CAL1
10792,2023-03-24 00:00:00,21.55,330.0,CAL1
10793,2023-03-24 00:00:00,0.0,330.0,CAL1
10794,2023-03-24 01:00:00,999.91,330.0,CAL1
10795,2023-03-24 01:00:00,999.9,330.0,CAL1
10796,2023-03-24 01:00:00,23.55,330.0,CAL1
10797,2023-03-24 01:00:00,22.55,330.0,CAL1
10798,2023-03-24 01:00:00,21.55,330.0,CAL1
10799,2023-03-24 01:00:00,0.0,330.0,CAL1
10800,2023-03-24 02:00:00,999.91,330.0,CAL1
10801,2023-03-24 02:00:00,999.9,330.0,CAL1
10802,2023-03-24 02:00:00,23.55,330.0,CAL1
10803,2023-03-24 02:00:00,22.55,330.0,CAL1
10804,2023-03-24 02:00:00,21.55,330.0,CAL1
10805,2023-03-24 02:00:00,0.0,330.0,CAL1
10806,2023-03-24 03:00:00,999.91,330.0,CAL1
10807,2023-03-24 03:00:00,999.9,330.0,CAL1
10808,2023-03-24 03:00:00,23.55,330.0,CAL1
10809,2023-03-24 03:00:00,22.55,330.0,CAL1
10810,2023-03-24 03:00:00,21.55,330.0,CAL1
10811,2023-03-24 03:00:00,0.0,330.0,CAL1
10812,2023-03-24 04:00:00,999.91,330.0,CAL1
10813,2023-03-24 04:00:00,999.9,330.0,CAL1
10814,2023-03-24 04:00:00,23.55,330.0,CAL1
10815,2023-03-24 04:00:00,22.55,330.0,CAL1
10816,2023-03-24 04:00:00,21.55,330.0,CAL1
10817,2023-03-24 04:00:00,0.0,330.0,CAL1
10818,2023-03-24 05:00:00,999.91,330.0,CAL1
10819,2023-03-24 05:00:00,999.9,330.0,CAL1
10820,2023-03-24 05:00:00,23.55,330.0,CAL1
10821,2023-03-24 05:00:00,22.55,330.0,CAL1
10822,2023-03-24 05:00:00,21.55,330.0,CAL1
10823,2023-03-24 05:00:00,0.0,330.0,CAL1
10824,2023-03-24 06:00:00,999.91,330.0,CAL1
10825,2023-03-24 06:00:00,999.9,330.0,CAL1
10826,2023-03-24 06:00:00,23.55,330.0,CAL1
10827,2023-03-24 06:00:00,22.55,330.0,CAL1
10828,2023-03-24 06:00:00,21.55,330.0,CAL1
10829,2023-03-24 06:00:00,0.0,330.0,CAL1
10830,2023-03-24 07:00:00,999.91,330.0,CAL1
10831,2023-03-24 07:00:00,999.9,330.0,CAL1
10832,2023-03-24 07:00:00,23.55,330.0,CAL1
10833,2023-03-24 07:00:00,22.55,330.0,CAL1
10834,2023-03-24 07:00:00,21.55,330.0,CAL1
10835,2023-03-24 07:00:00,0.0,330.0,CAL1
10926,2023-03-24 23:00:00,999.91,330.0,CAL1
10927,2023-03-24 23:00:00,999.9,330.0,CAL1
10928,2023-03-24 23:00:00,23.55,330.0,CAL1
10929,2023-03-24 23:00:00,22.55,330.0,CAL1
10930,2023-03-24 23:00:00,21.55,330.0,CAL1
10931,2023-03-24 23:00:00,0.0,330.0,CAL1
10932,2023-03-25 00:00:00,910.0,330.0,CAL1
10933,2023-03-25 00:00:00,905.0,330.0,CAL1
10934,2023-03-25 00:00:00,198.99,330.0,CAL1
10935,2023-03-25 00:00:00,23.38,330.0,CAL1
10936,2023-03-25 00:00:00,22.38,330.0,CAL1
10937,2023-03-25 00:00:00,0.0,330.0,CAL1
10938,2023-03-25 01:00:00,910.0,330.0,CAL1
10939,2023-03-25 01:00:00,905.0,330.0,CAL1
10940,2023-03-25 01:00:00,198.99,330.0,CAL1
10941,2023-03-25 01:00:00,23.38,330.0,CAL1
10942,2023-03-25 01:00:00,22.38,330.0,CAL1
10943,2023-03-25 01:00:00,0.0,330.0,CAL1
10944,2023-03-25 02:00:00,910.0,330.0,CAL1
10945,2023-03-25 02:00:00,905.0,330.0,CAL1
10946,2023-03-25 02:00:00,198.99,330.0,CAL1
10947,2023-03-25 02:00:00,23.38,330.0,CAL1
10948,2023-03-25 02:00:00,22.38,330.0,CAL1
10949,2023-03-25 02:00:00,0.0,330.0,CAL1
10950,2023-03-25 03:00:00,910.0,330.0,CAL1
10951,2023-03-25 03:00:00,905.0,330.0,CAL1
10952,2023-03-25 03:00:00,198.99,330.0,CAL1
10953,2023-03-25 03:00:00,23.38,330.0,CAL1
10954,2023-03-25 03:00:00,22.38,330.0,CAL1
10955,2023-03-25 03:00:00,0.0,330.0,CAL1
10956,2023-03-25 04:00:00,910.0,330.0,CAL1
10957,2023-03-25 04:00:00,905.0,330.0,CAL1
10958,2023-03-25 04:00:00,198.99,330.0,CAL1
10959,2023-03-25 04:00:00,23.38,330.0,CAL1
10960,2023-03-25 04:00:00,22.38,330.0,CAL1
10961,2023-03-25 04:00:00,0.0,330.0,CAL1
10962,2023-03-25 05:00:00,910.0,330.0,CAL1
10963,2023-03-25 05:00:00,905.0,330.0,CAL1
10964,2023-03-25 05:00:00,198.99,330.0,CAL1
10965,2023-03-25 05:00:00,23.38,330.0,CAL1
10966,2023-03-25 05:00:00,22.38,330.0,CAL1
10967,2023-03-25 05:00:00,0.0,330.0,CAL1
10968,2023-03-25 06:00:00,910.0,330.0,CAL1
10969,2023-03-25 06:00:00,905.0,330.0,CAL1
10970,2023-03-25 06:00:00,198.99,330.0,CAL1
10971,2023-03-25 06:00:00,23.38,330.0,CAL1
10972,2023-03-25 06:00:00,22.38,330.0,CAL1
10973,2023-03-25 06:00:00,0.0,330.0,CAL1
10974,2023-03-25 07:00:00,910.0,330.0,CAL1
10975,2023-03-25 07:00:00,905.0,330.0,CAL1
10976,2023-03-25 07:00:00,24.38,330.0,CAL1
10977,2023-03-25 07:00:00,23.38,330.0,CAL1
10978,2023-03-25 07:00:00,22.38,330.0,CAL1
10979,2023-03-25 07:00:00,0.0,330.0,CAL1
11070,2023-03-25 23:00:00,910.0,330.0,CAL1
11071,2023-03-25 23:00:00,905.0,330.0,CAL1
11072,2023-03-25 23:00:00,198.99,330.0,CAL1
11073,2023-03-25 23:00:00,23.38,330.0,CAL1
11074,2023-03-25 23:00:00,22.38,330.0,CAL1
11075,2023-03-25 23:00:00,0.0,330.0,CAL1
11076,2023-03-26 00:00:00,915.0,330.0,CAL1
11077,2023-03-26 00:00:00,905.0,330.0,CAL1
11078,2023-03-26 00:00:00,409.99,330.0,CAL1
11079,2023-03-26 00:00:00,345.55,330.0,CAL1
11080,2023-03-26 00:00:00,345.54,330.0,CAL1
11081,2023-03-26 00:00:00,0.0,330.0,CAL1
11082,2023-03-26 01:00:00,915.0,330.0,CAL1
11083,2023-03-26 01:00:00,905.0,330.0,CAL1
11084,2023-03-26 01:00:00,409.99,330.0,CAL1
11085,2023-03-26 01:00:00,345.55,330.0,CAL1
11086,2023-03-26 01:00:00,345.54,330.0,CAL1
11087,2023-03-26 01:00:00,0.0,330.0,CAL1
11088,2023-03-26 02:00:00,915.0,330.0,CAL1
11089,2023-03-26 02:00:00,905.0,330.0,CAL1
11090,2023-03-26 02:00:00,409.99,330.0,CAL1
11091,2023-03-26 02:00:00,345.55,330.0,CAL1
11092,2023-03-26 02:00:00,345.54,330.0,CAL1
11093,2023-03-26 02:00:00,0.0,330.0,CAL1
11094,2023-03-26 03:00:00,915.0,330.0,CAL1
11095,2023-03-26 03:00:00,905.0,330.0,CAL1
11096,2023-03-26 03:00:00,409.99,330.0,CAL1
11097,2023-03-26 03:00:00,316.27,330.0,CAL1
11098,2023-03-26 03:00:00,316.26,330.0,CAL1
11099,2023-03-26 03:00:00,0.0,330.0,CAL1
11100,2023-03-26 04:00:00,915.0,330.0,CAL1
11101,2023-03-26 04:00:00,905.0,330.0,CAL1
11102,2023-03-26 04:00:00,409.99,330.0,CAL1
11103,2023-03-26 04:00:00,316.27,330.0,CAL1
11104,2023-03-26 04:00:00,316.26,330.0,CAL1
11105,2023-03-26 04:00:00,0.0,330.0,CAL1
11106,2023-03-26 05:00:00,915.0,330.0,CAL1
11107,2023-03-26 05:00:00,905.0,330.0,CAL1
11108,2023-03-26 05:00:00,543.21,330.0,CAL1
11109,2023-03-26 05:00:00,21.0,330.0,CAL1
11110,2023-03-26 05:00:00,20.0,330.0,CAL1
11111,2023-03-26 05:00:00,0.0,330.0,CAL1
11112,2023-03-26 06:00:00,915.0,330.0,CAL1
11113,2023-03-26 06:00:00,905.0,330.0,CAL1
11114,2023-03-26 06:00:00,543.21,330.0,CAL1
11115,2023-03-26 06:00:00,21.0,330.0,CAL1
11116,2023-03-26 06:00:00,20.0,330.0,CAL1
11117,2023-03-26 06:00:00,0.0,330.0,CAL1
11118,2023-03-26 07:00:00,915.0,330.0,CAL1
11119,2023-03-26 07:00:00,905.0,330.0,CAL1
11120,2023-03-26 07:00:00,24.38,330.0,CAL1
11121,2023-03-26 07:00:00,21.0,330.0,CAL1
11122,2023-03-26 07:00:00,20.0,330.0,CAL1
11123,2023-03-26 07:00:00,0.0,330.0,CAL1
11214,2023-03-26 23:00:00,915.0,330.0,CAL1
11215,2023-03-26 23:00:00,905.0,330.0,CAL1
11216,2023-03-26 23:00:00,543.21,330.0,CAL1
11217,2023-03-26 23:00:00,21.0,330.0,CAL1
11218,2023-03-26 23:00:00,20.0,330.0,CAL1
11219,2023-03-26 23:00:00,0.0,330.0,CAL1
11220,2023-03-27 00:00:00,915.0,330.0,CAL1
11221,2023-03-27 00:00:00,905.0,330.0,CAL1
11222,2023-03-27 00:00:00,543.21,330.0,CAL1
11223,2023-03-27 00:00:00,311.12,330.0,CAL1
11224,2023-03-27 00:00:00,311.11,330.0,CAL1
11225,2023-03-27 00:00:00,0.0,330.0,CAL1
11226,2023-03-27 01:00:00,915.0,330.0,CAL1
11227,2023-03-27 01:00:00,905.0,330.0,CAL1
11228,2023-03-27 01:00:00,543.21,330.0,CAL1
11229,2023-03-27 01:00:00,311.12,330.0,CAL1
11230,2023-03-27 01:00:00,311.11,330.0,CAL1
11231,2023-03-27 01:00:00,0.0,330.0,CAL1
11232,2023-03-27 02:00:00,915.0,330.0,CAL1
11233,2023-03-27 02:00:00,905.0,330.0,CAL1
11234,2023-03-27 02:00:00,543.21,330.0,CAL1
11235,2023-03-27 02:00:00,311.12,330.0,CAL1
11236,2023-03-27 02:00:00,311.11,330.0,CAL1
11237,2023-03-27 02:00:00,0.0,330.0,CAL1
11238,2023-03-27 03:00:00,915.0,330.0,CAL1
11239,2023-03-27 03:00:00,905.0,330.0,CAL1
11240,2023-03-27 03:00:00,543.21,330.0,CAL1
11241,2023-03-27 03:00:00,311.12,330.0,CAL1
11242,2023-03-27 03:00:00,311.11,330.0,CAL1
11243,2023-03-27 03:00:00,0.0,330.0,CAL1
11244,2023-03-27 04:00:00,915.0,330.0,CAL1
11245,2023-03-27 04:00:00,905.0,330.0,CAL1
11246,2023-03-27 04:00:00,543.21,330.0,CAL1
11247,2023-03-27 04:00:00,311.12,330.0,CAL1
11248,2023-03-27 04:00:00,311.11,330.0,CAL1
11249,2023-03-27 04:00:00,0.0,330.0,CAL1
11250,2023-03-27 05:00:00,915.0,330.0,CAL1
11251,2023-03-27 05:00:00,905.0,330.0,CAL1
11252,2023-03-27 05:00:00,543.21,330.0,CAL1
11253,2023-03-27 05:00:00,21.0,330.0,CAL1
11254,2023-03-27 05:00:00,20.0,330.0,CAL1
11255,2023-03-27 05:00:00,0.0,330.0,CAL1
11256,2023-03-27 06:00:00,915.0,330.0,CAL1
11257,2023-03-27 06:00:00,905.0,330.0,CAL1
11258,2023-03-27 06:00:00,543.21,330.0,CAL1
11259,2023-03-27 06:00:00,21.0,330.0,CAL1
11260,2023-03-27 06:00:00,20.0,330.0,CAL1
11261,2023-03-27 06:00:00,0.0,330.0,CAL1
11262,2023-03-27 07:00:00,915.0,330.0,CAL1
11263,2023-03-27 07:00:00,905.0,330.0,CAL1
11264,2023-03-27 07:00:00,24.38,330.0,CAL1
11265,2023-03-27 07:00:00,21.0,330.0,CAL1
11266,2023-03-27 07:00:00,20.0,330.0,CAL1
11267,2023-03-27 07:00:00,0.0,330.0,CAL1
11358,2023-03-27 23:00:00,915.0,330.0,CAL1
11359,2023-03-27 23:00:00,905.0,330.0,CAL1
11360,2023-03-27 23:00:00,845.0,330.0,CAL1
11361,2023-03-27 23:00:00,21.0,330.0,CAL1
11362,2023-03-27 23:00:00,20.0,330.0,CAL1
11363,2023-03-27 23:00:00,0.0,330.0,CAL1
11364,2023-03-28 00:00:00,915.0,330.0,CAL1
11365,2023-03-28 00:00:00,905.0,330.0,CAL1
11366,2023-03-28 00:00:00,765.43,330.0,CAL1
11367,2023-03-28 00:00:00,22.48,330.0,CAL1
11368,2023-03-28 00:00:00,21.48,330.0,CAL1
11369,2023-03-28 00:00:00,0.0,330.0,CAL1
11370,2023-03-28 01:00:00,915.0,330.0,CAL1
11371,2023-03-28 01:00:00,905.0,330.0,CAL1
11372,2023-03-28 01:00:00,765.43,330.0,CAL1
11373,2023-03-28 01:00:00,22.48,330.0,CAL1
11374,2023-03-28 01:00:00,21.48,330.0,CAL1
11375,2023-03-28 01:00:00,0.0,330.0,CAL1
11376,2023-03-28 02:00:00,915.0,330.0,CAL1
11377,2023-03-28 02:00:00,905.0,330.0,CAL1
11378,2023-03-28 02:00:00,765.43,330.0,CAL1
11379,2023-03-28 02:00:00,22.48,330.0,CAL1
11380,2023-03-28 02:00:00,21.48,330.0,CAL1
11381,2023-03-28 02:00:00,0.0,330.0,CAL1
11382,2023-03-28 03:00:00,915.0,330.0,CAL1
11383,2023-03-28 03:00:00,905.0,330.0,CAL1
11384,2023-03-28 03:00:00,765.43,330.0,CAL1
11385,2023-03-28 03:00:00,22.48,330.0,CAL1
11386,2023-03-28 03:00:00,21.48,330.0,CAL1
11387,2023-03-28 03:00:00,0.0,330.0,CAL1
11388,2023-03-28 04:00:00,915.0,330.0,CAL1
11389,2023-03-28 04:00:00,905.0,330.0,CAL1
11390,2023-03-28 04:00:00,765.43,330.0,CAL1
11391,2023-03-28 04:00:00,22.48,330.0,CAL1
11392,2023-03-28 04:00:00,21.48,330.0,CAL1
11393,2023-03-28 04:00:00,0.0,330.0,CAL1
11394,2023-03-28 05:00:00,915.0,330.0,CAL1
11395,2023-03-28 05:00:00,905.0,330.0,CAL1
11396,2023-03-28 05:00:00,765.43,330.0,CAL1
11397,2023-03-28 05:00:00,22.48,330.0,CAL1
11398,2023-03-28 05:00:00,21.48,330.0,CAL1
11399,2023-03-28 05:00:00,0.0,330.0,CAL1
11400,2023-03-28 06:00:00,915.0,330.0,CAL1
11401,2023-03-28 06:00:00,905.0,330.0,CAL1
11402,2023-03-28 06:00:00,765.43,330.0,CAL1
11403,2023-03-28 06:00:00,22.48,330.0,CAL1
11404,2023-03-28 06:00:00,21.48,330.0,CAL1
11405,2023-03-28 06:00:00,0.0,330.0,CAL1
11406,2023-03-28 07:00:00,915.0,330.0,CAL1
11407,2023-03-28 07:00:00,905.0,330.0,CAL1
11408,2023-03-28 07:00:00,23.48,330.0,CAL1
11409,2023-03-28 07:00:00,22.48,330.0,CAL1
11410,2023-03-28 07:00:00,21.48,330.0,CAL1
11411,2023-03-28 07:00:00,0.0,330.0,CAL1
11502,2023-03-28 23:00:00,915.0,330.0,CAL1
11503,2023-03-28 23:00:00,905.0,330.0,CAL1
11504,2023-03-28 23:00:00,550.0,330.0,CAL1
11505,2023-03-28 23:00:00,22.48,330.0,CAL1
11506,2023-03-28 23:00:00,21.48,330.0,CAL1
11507,2023-03-28 23:00:00,0.0,330.0,CAL1
11508,2023-03-29 00:00:00,915.0,330.0,CAL1
11509,2023-03-29 00:00:00,905.0,330.0,CAL1
11510,2023-03-29 00:00:00,401.0,330.0,CAL1
11511,2023-03-29 00:00:00,22.85,330.0,CAL1
11512,2023-03-29 00:00:00,21.85,330.0,CAL1
11513,2023-03-29 00:00:00,0.0,330.0,CAL1
11514,2023-03-29 01:00:00,915.0,330.0,CAL1
11515,2023-03-29 01:00:00,905.0,330.0,CAL1
11516,2023-03-29 01:00:00,401.0,330.0,CAL1
11517,2023-03-29 01:00:00,22.85,330.0,CAL1
11518,2023-03-29 01:00:00,21.85,330.0,CAL1
11519,2023-03-29 01:00:00,0.0,330.0,CAL1
11520,2023-03-29 02:00:00,915.0,330.0,CAL1
11521,2023-03-29 02:00:00,905.0,330.0,CAL1
11522,2023-03-29 02:00:00,401.0,330.0,CAL1
11523,2023-03-29 02:00:00,22.85,330.0,CAL1
11524,2023-03-29 02:00:00,21.85,330.0,CAL1
11525,2023-03-29 02:00:00,0.0,330.0,CAL1
11526,2023-03-29 03:00:00,915.0,330.0,CAL1
11527,2023-03-29 03:00:00,905.0,330.0,CAL1
11528,2023-03-29 03:00:00,401.0,330.0,CAL1
11529,2023-03-29 03:00:00,22.85,330.0,CAL1
11530,2023-03-29 03:00:00,21.85,330.0,CAL1
11531,2023-03-29 03:00:00,0.0,330.0,CAL1
11532,2023-03-29 04:00:00,915.0,330.0,CAL1
11533,2023-03-29 04:00:00,905.0,330.0,CAL1
11534,2023-03-29 04:00:00,401.0,330.0,CAL1
11535,2023-03-29 04:00:00,22.85,330.0,CAL1
11536,2023-03-29 04:00:00,21.85,330.0,CAL1
11537,2023-03-29 04:00:00,0.0,330.0,CAL1
11538,2023-03-29 05:00:00,915.0,330.0,CAL1
11539,2023-03-29 05:00:00,905.0,330.0,CAL1
11540,2023-03-29 05:00:00,543.21,330.0,CAL1
11541,2023-03-29 05:00:00,22.85,330.0,CAL1
11542,2023-03-29 05:00:00,21.85,330.0,CAL1
11543,2023-03-29 05:00:00,0.0,330.0,CAL1
11544,2023-03-29 06:00:00,915.0,330.0,CAL1
11545,2023-03-29 06:00:00,905.0,330.0,CAL1
11546,2023-03-29 06:00:00,401.0,330.0,CAL1
11547,2023-03-29 06:00:00,22.85,330.0,CAL1
11548,2023-03-29 06:00:00,21.85,330.0,CAL1
11549,2023-03-29 06:00:00,0.0,330.0,CAL1
11550,2023-03-29 07:00:00,915.0,330.0,CAL1
11551,2023-03-29 07:00:00,905.0,330.0,CAL1
11552,2023-03-29 07:00:00,23.85,330.0,CAL1
11553,2023-03-29 07:00:00,22.85,330.0,CAL1
11554,2023-03-29 07:00:00,21.85,330.0,CAL1
11555,2023-03-29 07:00:00,0.0,330.0,CAL1
11646,2023-03-29 23:00:00,915.0,330.0,CAL1
11647,2023-03-29 23:00:00,905.0,330.0,CAL1
11648,2023-03-29 23:00:00,401.0,330.0,CAL1
11649,2023-03-29 23:00:00,22.85,330.0,CAL1
11650,2023-03-29 23:00:00,21.85,330.0,CAL1
11651,2023-03-29 23:00:00,0.0,330.0,CAL1
11652,2023-03-30 00:00:00,915.0,330.0,CAL1
11653,2023-03-30 00:00:00,905.0,330.0,CAL1
11654,2023-03-30 00:00:00,401.0,330.0,CAL1
11655,2023-03-30 00:00:00,21.63,330.0,CAL1
11656,2023-03-30 00:00:00,20.63,330.0,CAL1
11657,2023-03-30 00:00:00,0.0,330.0,CAL1
11658,2023-03-30 01:00:00,915.0,330.0,CAL1
11659,2023-03-30 01:00:00,905.0,330.0,CAL1
11660,2023-03-30 01:00:00,401.0,330.0,CAL1
11661,2023-03-30 01:00:00,21.63,330.0,CAL1
11662,2023-03-30 01:00:00,20.63,330.0,CAL1
11663,2023-03-30 01:00:00,0.0,330.0,CAL1
11664,2023-03-30 02:00:00,915.0,330.0,CAL1
11665,2023-03-30 02:00:00,905.0,330.0,CAL1
11666,2023-03-30 02:00:00,401.0,330.0,CAL1
11667,2023-03-30 02:00:00,21.63,330.0,CAL1
11668,2023-03-30 02:00:00,20.63,330.0,CAL1
11669,2023-03-30 02:00:00,0.0,330.0,CAL1
11670,2023-03-30 03:00:00,915.0,330.0,CAL1
11671,2023-03-30 03:00:00,905.0,330.0,CAL1
11672,2023-03-30 03:00:00,401.0,330.0,CAL1
11673,2023-03-30 03:00:00,21.63,330.0,CAL1
11674,2023-03-30 03:00:00,20.63,330.0,CAL1
11675,2023-03-30 03:00:00,0.0,330.0,CAL1
11676,2023-03-30 04:00:00,915.0,330.0,CAL1
11677,2023-03-30 04:00:00,905.0,330.0,CAL1
11678,2023-03-30 04:00:00,401.0,330.0,CAL1
11679,2023-03-30 04:00:00,21.63,330.0,CAL1
11680,2023-03-30 04:00:00,20.63,330.0,CAL1
11681,2023-03-30 04:00:00,0.0,330.0,CAL1
11682,2023-03-30 05:00:00,915.0,330.0,CAL1
11683,2023-03-30 05:00:00,905.0,330.0,CAL1
11684,2023-03-30 05:00:00,401.0,330.0,CAL1
11685,2023-03-30 05:00:00,21.63,330.0,CAL1
11686,2023-03-30 05:00:00,20.63,330.0,CAL1
11687,2023-03-30 05:00:00,0.0,330.0,CAL1
11688,2023-03-30 06:00:00,915.0,330.0,CAL1
11689,2023-03-30 06:00:00,905.0,330.0,CAL1
11690,2023-03-30 06:00:00,401.0,330.0,CAL1
11691,2023-03-30 06:00:00,21.63,330.0,CAL1
11692,2023-03-30 06:00:00,20.63,330.0,CAL1
11693,2023-03-30 06:00:00,0.0,330.0,CAL1
11694,2023-03-30 07:00:00,915.0,330.0,CAL1
11695,2023-03-30 07:00:00,905.0,330.0,CAL1
11696,2023-03-30 07:00:00,22.63,330.0,CAL1
11697,2023-03-30 07:00:00,21.63,330.0,CAL1
11698,2023-03-30 07:00:00,20.63,330.0,CAL1
11699,2023-03-30 07:00:00,0.0,330.0,CAL1
11780,2023-03-30 23:00:00,915.0,330.0,CAL1
11781,2023-03-30 23:00:00,905.0,330.0,CAL1
11782,2023-03-30 23:00:00,401.0,330.0,CAL1
11783,2023-03-30 23:00:00,21.63,330.0,CAL1
11784,2023-03-30 23:00:00,20.63,330.0,CAL1
11785,2023-03-30 23:00:00,0.0,330.0,CAL1
11786,2023-03-31 00:00:00,915.0,330.0,CAL1
11787,2023-03-31 00:00:00,905.0,330.0,CAL1
11788,2023-03-31 00:00:00,401.0,330.0,CAL1
11789,2023-03-31 00:00:00,21.63,330.0,CAL1
11790,2023-03-31 00:00:00,20.63,330.0,CAL1
11791,2023-03-31 00:00:00,0.0,330.0,CAL1
11792,2023-03-31 01:00:00,915.0,330.0,CAL1
11793,2023-03-31 01:00:00,905.0,330.0,CAL1
11794,2023-03-31 01:00:00,401.0,330.0,CAL1
11795,2023-03-31 01:00:00,21.63,330.0,CAL1
11796,2023-03-31 01:00:00,20.63,330.0,CAL1
11797,2023-03-31 01:00:00,0.0,330.0,CAL1
11798,2023-03-31 02:00:00,915.0,330.0,CAL1
11799,2023-03-31 02:00:00,905.0,330.0,CAL1
11800,2023-03-31 02:00:00,401.0,330.0,CAL1
11801,2023-03-31 02:00:00,21.63,330.0,CAL1
11802,2023-03-31 02:00:00,20.63,330.0,CAL1
11803,2023-03-31 02:00:00,0.0,330.0,CAL1
11804,2023-03-31 03:00:00,915.0,330.0,CAL1
11805,2023-03-31 03:00:00,905.0,330.0,CAL1
11806,2023-03-31 03:00:00,401.0,330.0,CAL1
11807,2023-03-31 03:00:00,21.63,330.0,CAL1
11808,2023-03-31 03:00:00,20.63,330.0,CAL1
11809,2023-03-31 03:00:00,0.0,330.0,CAL1
11810,2023-03-31 04:00:00,915.0,330.0,CAL1
11811,2023-03-31 04:00:00,905.0,330.0,CAL1
11812,2023-03-31 04:00:00,401.0,330.0,CAL1
11813,2023-03-31 04:00:00,21.63,330.0,CAL1
11814,2023-03-31 04:00:00,20.63,330.0,CAL1
11815,2023-03-31 04:00:00,0.0,330.0,CAL1
11816,2023-03-31 05:00:00,915.0,330.0,CAL1
11817,2023-03-31 05:00:00,905.0,330.0,CAL1
11818,2023-03-31 05:00:00,401.0,330.0,CAL1
11819,2023-03-31 05:00:00,21.63,330.0,CAL1
11820,2023-03-31 05:00:00,20.63,330.0,CAL1
11821,2023-03-31 05:00:00,0.0,330.0,CAL1
11822,2023-03-31 06:00:00,915.0,330.0,CAL1
11823,2023-03-31 06:00:00,905.0,330.0,CAL1
11824,2023-03-31 06:00:00,401.0,330.0,CAL1
11825,2023-03-31 06:00:00,21.63,330.0,CAL1
11826,2023-03-31 06:00:00,20.63,330.0,CAL1
11827,2023-03-31 06:00:00,0.0,330.0,CAL1
11828,2023-03-31 07:00:00,915.0,330.0,CAL1
11829,2023-03-31 07:00:00,905.0,330.0,CAL1
11830,2023-03-31 07:00:00,22.63,330.0,CAL1
11831,2023-03-31 07:00:00,21.63,330.0,CAL1
11832,2023-03-31 07:00:00,20.63,330.0,CAL1
11833,2023-03-31 07:00:00,0.0,330.0,CAL1
11924,2023-03-31 23:00:00,915.0,330.0,CAL1
11925,2023-03-31 23:00:00,905.0,330.0,CAL1
11926,2023-03-31 23:00:00,350.15,330.0,CAL1
11927,2023-03-31 23:00:00,21.63,330.0,CAL1
11928,2023-03-31 23:00:00,20.63,330.0,CAL1
11929,2023-03-31 23:00:00,0.0,330.0,CAL1
